Grupo;Norma;Título;Publicación;Organismo;idNorma;idParte;Url
Actividad Administrativa del Estado;Ley 19886;LEY DE BASES SOBRE CONTRATOS ADMINISTRATIVOS DE SUMINISTRO Y PRESTACION DE SERVICIOS;30-JUL-2003;MINISTERIO DE HACIENDA;213004;0;https://www.leychile.cl/Consulta/Navegar?idNorma=213004&idParte=0
Actividad Administrativa del Estado;Ley 19880;ESTABLECE BASES DE LOS PROCEDIMIENTOS ADMINISTRATIVOS QUE RIGEN LOS ACTOS DE LOS ORGANOS DE LA ADMINISTRACION DEL ESTADO.;29-MAY-2003;MINISTERIO SECRETARÍA GENERAL DE LA PRESIDENCIA;210676;0;https://www.leychile.cl/Consulta/Navegar?idNorma=210676&idParte=0
Actividad Administrativa del Estado;Ley 18883;APRUEBA ESTATUTO ADMINISTRATIVO PARA FUNCIONARIOS MUNICIPALES;29-DIC-1989;MINISTERIO DEL INTERIOR;30256;0;https://www.leychile.cl/Consulta/Navegar?idNorma=30256&idParte=0
Actividad Administrativa del Estado;Ley 19882;REGULA NUEVA POLÍTICA DE PERSONAL A LOS FUNCIONARIOS PÚBLICOS QUE INDICA;23-JUN-2003;MINISTERIO DE HACIENDA;211480;0;https://www.leychile.cl/Consulta/Navegar?idNorma=211480&idParte=0
Actividad Administrativa del Estado;Ley 20285;SOBRE ACCESO A LA INFORMACIÓN PÚBLICA;20-AGO-2008;MINISTERIO SECRETARÍA GENERAL DE LA PRESIDENCIA;276363;0;https://www.leychile.cl/Consulta/Navegar?idNorma=276363&idParte=0
Actividad Administrativa del Estado;Ley 20678;ESTABLECE LA ELECCIÓN DIRECTA DE LOS CONSEJEROS REGIONALES;19-JUN-2013;MINISTERIO DEL INTERIOR Y SEGURIDAD PÚBLICA,  SUBSECRETARÍA DEL INTERIOR;1051270;0;https://www.leychile.cl/Consulta/Navegar?idNorma=1051270&idParte=0
Actividad Administrativa del Estado;Ley 20035;INTRODUCE MODIFICACIONES EN LA LEY N° 19.175  ORGANICA CONSTITUCIONAL SOBRE GOBIERNO Y ADMINISTRACION REGIONAL  EN LO RELATIVO A LA ESTRUCTURA Y FUNCIONES DE LOS GOBIERNOS REGIONALES;01-JUL-2005;MINISTERIO DEL INTERIOR,  SUBSECRETARÍA DE DESARROLLO REGIONAL Y ADMINISTRATIVO;239629;0;https://www.leychile.cl/Consulta/Navegar?idNorma=239629&idParte=0
Actividad Administrativa del Estado;Decreto 100;Constitución Política  Art. 19 N° 21;22-SEP-2005;MINISTERIO SECRETARÍA GENERAL DE LA PRESIDENCIA;242302;8563487;https://www.leychile.cl/Consulta/Navegar?idNorma=242302&idParte=8563487
Actividad Administrativa del Estado;Decreto 100;Constitución Política  Art. 67;22-SEP-2005;MINISTERIO SECRETARÍA GENERAL DE LA PRESIDENCIA;242302;8563550;https://www.leychile.cl/Consulta/Navegar?idNorma=242302&idParte=8563550
Actividad Administrativa del Estado;Decreto 100;Constitución Política  Art. 68;22-SEP-2005;MINISTERIO SECRETARÍA GENERAL DE LA PRESIDENCIA;242302;8563551;https://www.leychile.cl/Consulta/Navegar?idNorma=242302&idParte=8563551
Actividad Administrativa del Estado;Decreto 100;Constitución Política  Art. 69;22-SEP-2005;MINISTERIO SECRETARÍA GENERAL DE LA PRESIDENCIA;242302;8563552;https://www.leychile.cl/Consulta/Navegar?idNorma=242302&idParte=8563552
Actividad Administrativa del Estado;Decreto 100;Constitución Política  Art. 70;22-SEP-2005;MINISTERIO SECRETARÍA GENERAL DE LA PRESIDENCIA;242302;8563553;https://www.leychile.cl/Consulta/Navegar?idNorma=242302&idParte=8563553
Actividad Administrativa del Estado;Decreto 100;Constitución Política  Art. 71;22-SEP-2005;MINISTERIO SECRETARÍA GENERAL DE LA PRESIDENCIA;242302;8563554;https://www.leychile.cl/Consulta/Navegar?idNorma=242302&idParte=8563554
Actividad Administrativa del Estado;Decreto 100;Constitución Política  Art. 72;22-SEP-2005;MINISTERIO SECRETARÍA GENERAL DE LA PRESIDENCIA;242302;8563555;https://www.leychile.cl/Consulta/Navegar?idNorma=242302&idParte=8563555
Actividad Administrativa del Estado;Decreto 100;Constitución Política  Art. 73;22-SEP-2005;MINISTERIO SECRETARÍA GENERAL DE LA PRESIDENCIA;242302;8563556;https://www.leychile.cl/Consulta/Navegar?idNorma=242302&idParte=8563556
Actividad Administrativa del Estado;Decreto 100;Constitución Política  Art. 74;22-SEP-2005;MINISTERIO SECRETARÍA GENERAL DE LA PRESIDENCIA;242302;8563557;https://www.leychile.cl/Consulta/Navegar?idNorma=242302&idParte=8563557
Actividad Administrativa del Estado;Decreto 100;Constitución Política  Art. 75;22-SEP-2005;MINISTERIO SECRETARÍA GENERAL DE LA PRESIDENCIA;242302;8563558;https://www.leychile.cl/Consulta/Navegar?idNorma=242302&idParte=8563558
Actividad Administrativa del Estado;Decreto 2421;FIJA EL TEXTO REFUNDIDO DE LA LEY DE ORGANIZACION Y ATRIBUCIONES DE LA CONTRALORIA GENERAL DE LA REPUBLICA;10-JUL-1964;MINISTERIO DE HACIENDA;18995;0;https://www.leychile.cl/Consulta/Navegar?idNorma=18995&idParte=0
Actividad Administrativa del Estado;Decreto 1539;DESIGNA DELEGADO PRESIDENCIAL PARA LA GESTIÓN PÚBLICA;05-FEB-2014;MINISTERIO DE HACIENDA;1059273;0;https://www.leychile.cl/Consulta/Navegar?idNorma=1059273&idParte=0
Actividad Administrativa del Estado;Decreto con Fuerza de Ley 1;FIJA TEXTO REFUNDIDO  COORDINADO Y SISTEMATIZADO DE LA LEY Nº 18.575  ORGANICA CONSTITUCIONAL DE BASES GENERALES DE LA ADMINISTRACION DEL ESTADO;17-NOV-2001;MINISTERIO SECRETARÍA GENERAL DE LA PRESIDENCIA;191865;0;https://www.leychile.cl/Consulta/Navegar?idNorma=191865&idParte=0
Actividad Administrativa del Estado;Decreto con Fuerza de Ley 29;FIJA TEXTO REFUNDIDO  COORDINADO Y SISTEMATIZADO DE LA LEY Nº 18.834  SOBRE ESTATUTO ADMINISTRATIVO;16-MAR-2005;MINISTERIO DE HACIENDA;236392;0;https://www.leychile.cl/Consulta/Navegar?idNorma=236392&idParte=0
Actividad Administrativa del Estado;Decreto con Fuerza de Ley 1;FIJA EL TEXTO REFUNDIDO  COORDINADO  SISTEMATIZADO Y ACTUALIZADO DE LA LEY N° 19.175  ORGANICA CONSTITUCIONAL SOBRE GOBIERNO Y ADMINISTRACION REGIONAL;08-NOV-2005;MINISTERIO DEL INTERIOR,  SUBSECRETARIA DE DESARROLLO REGIONAL Y ADMINISTRATIVO;243771;0;https://www.leychile.cl/Consulta/Navegar?idNorma=243771&idParte=0
Actividad Administrativa del Estado;Decreto con Fuerza de Ley 7912;DECRETO QUE ORGANIZA LAS SECRETARIAS DEL ESTADO;05-DIC-1927;MINISTERIO DEL INTERIOR;5654;0;https://www.leychile.cl/Consulta/Navegar?idNorma=5654&idParte=0
Actividad Administrativa del Estado;Decreto Ley 1263;DECRETO LEY ORGANICO DE ADMINISTRACION FINANCIERA DEL ESTADO;28-NOV-1975;MINISTERIO DE HACIENDA;6536;0;https://www.leychile.cl/Consulta/Navegar?idNorma=6536&idParte=0
Actividad Administrativa del Estado;Decreto Ley 249;FIJA ESCALA UNICA DE SUELDOS PARA EL PERSONAL QUE SEÑALA;05-ENE-1974;MINISTERIO DE HACIENDA;5904;0;https://www.leychile.cl/Consulta/Navegar?idNorma=5904&idParte=0
Administración Financiera del Estado;Ley 18681;ESTABLECE NORMAS COMPLEMENTARIAS DE ADMINISTRACION FINANCIERA  DE INCIDENCIA PRESUPUESTARIA Y PERSONAL;31-DIC-1987;MINISTERIO DE HACIENDA;30067;0;https://www.leychile.cl/Consulta/Navegar?idNorma=30067&idParte=0
Administración Financiera del Estado;Ley 20128;SOBRE RESPONSABILIDAD FISCAL;30-SEP-2006;MINISTERIO DE HACIENDA;253645;0;https://www.leychile.cl/Consulta/Navegar?idNorma=253645&idParte=0
Administración Financiera del Estado;Ley 20641;LEY DE PRESUPUESTOS DEL SECTOR PÚBLICO PARA EL AÑO 2013;22-DIC-2012;MINISTERIO DE HACIENDA;1047408;0;https://www.leychile.cl/Consulta/Navegar?idNorma=1047408&idParte=0
Administración Financiera del Estado;Ley 19863;SOBRE REMUNERACIONES DE AUTORIDADES DE GOBIERNO Y CARGOS CRITICOS DE LA ADMINISTRACION PUBLICA Y DA NORMAS SOBRE GASTOS RESERVADOS;06-FEB-2003;MINISTERIO DE HACIENDA;207386;0;https://www.leychile.cl/Consulta/Navegar?idNorma=207386&idParte=0
Administración Financiera del Estado;Ley 19896;INTRODUCE MODIFICACIONES AL DECRETO LEY Nº 1.263  DE 1975  ORGANICO DE ADMINISTRACION FINANCIERA DEL ESTADO Y ESTABLECE OTRAS NORMAS SOBRE ADMINISTRACION PRESUPUESTARIA Y DE PERSONAL;03-SEP-2003;MINISTERIO DE HACIENDA;214348;0;https://www.leychile.cl/Consulta/Navegar?idNorma=214348&idParte=0
Administración Financiera del Estado;Decreto 100;Constitución Política  Art. 64;22-SEP-2005;MINISTERIO SECRETARÍA GENERAL DE LA PRESIDENCIA;242302;8563546;https://www.leychile.cl/Consulta/Navegar?idNorma=242302&idParte=8563546
Administración Financiera del Estado;Decreto 100;Constitución Política  Art. 67;22-SEP-2005;MINISTERIO SECRETARÍA GENERAL DE LA PRESIDENCIA;242302;8563550;https://www.leychile.cl/Consulta/Navegar?idNorma=242302&idParte=8563550
Administración Financiera del Estado;Decreto 100;Constitución Política  Art. 68;22-SEP-2005;MINISTERIO SECRETARÍA GENERAL DE LA PRESIDENCIA;242302;8563551;https://www.leychile.cl/Consulta/Navegar?idNorma=242302&idParte=8563551
Administración Financiera del Estado;Decreto 2421;FIJA EL TEXTO REFUNDIDO DE LA LEY DE ORGANIZACION Y ATRIBUCIONES DE LA CONTRALORIA GENERAL DE LA REPUBLICA;10-JUL-1964;MINISTERIO DE HACIENDA;18995;8543403;https://www.leychile.cl/Consulta/Navegar?idNorma=18995&idParte=8543403
Administración Financiera del Estado;Decreto 1177;REGLAMENTO PARA EL FUNCIONAMIENTO DEL SISTEMA DE EVALUACION DE PROGRAMAS ESTABLECIDO EN EL ARTICULO 52 DEL DECRETO LEY Nº 1.263  DE 1975  ORGANICO DE ADMINISTRACION FINANCIERA DEL ESTADO;05-FEB-2004;MINISTERIO DE HACIENDA;220923;0;https://www.leychile.cl/Consulta/Navegar?idNorma=220923&idParte=0
Administración Financiera del Estado;Decreto 854;DETERMINA CLASIFICACIONES PRESUPUESTARIAS;02-DIC-2004;MINISTERIO DE HACIENDA;233184;0;https://www.leychile.cl/Consulta/Navegar?idNorma=233184&idParte=0
Administración Financiera del Estado;Decreto con Fuerza de Ley 106;FIJA DISPOSICIONES POR LAS QUE SE REGIRA LA DIRECCION DE PRESUPUESTOS;03-MAR-1960;MINISTERIO DE HACIENDA;4625;0;https://www.leychile.cl/Consulta/Navegar?idNorma=4625&idParte=0
Administración Financiera del Estado;Decreto Ley 1263;DECRETO LEY ORGANICO DE ADMINISTRACION FINANCIERA DEL ESTADO;28-NOV-1975;MINISTERIO DE HACIENDA;6536;0;https://www.leychile.cl/Consulta/Navegar?idNorma=6536&idParte=0
Bases Constitucionales;Decreto 100;Constitución Política Art. 1;22-SEP-2005;MINISTERIO SECRETARÍA GENERAL DE LA PRESIDENCIA;242302;8563467;https://www.leychile.cl/Consulta/Navegar?idNorma=242302&idParte=8563467
Bases Constitucionales;Decreto 100;Constitución Política Art. 2;22-SEP-2005;MINISTERIO SECRETARÍA GENERAL DE LA PRESIDENCIA;242302;8563469;https://www.leychile.cl/Consulta/Navegar?idNorma=242302&idParte=8563469
Bases Constitucionales;Decreto 100;Constitución Política Art. 3;22-SEP-2005;MINISTERIO SECRETARÍA GENERAL DE LA PRESIDENCIA;242302;8563470;https://www.leychile.cl/Consulta/Navegar?idNorma=242302&idParte=8563470
Bases Constitucionales;Decreto 100;Constitución Política Art. 4;22-SEP-2005;MINISTERIO SECRETARÍA GENERAL DE LA PRESIDENCIA;242302;8563471;https://www.leychile.cl/Consulta/Navegar?idNorma=242302&idParte=8563471
Bases Constitucionales;Decreto 100;Constitución Política Art. 5;22-SEP-2005;MINISTERIO SECRETARÍA GENERAL DE LA PRESIDENCIA;242302;8563472;https://www.leychile.cl/Consulta/Navegar?idNorma=242302&idParte=8563472
Bases Constitucionales;Decreto 100;Constitución Política Art. 6;22-SEP-2005;MINISTERIO SECRETARÍA GENERAL DE LA PRESIDENCIA;242302;8563473;https://www.leychile.cl/Consulta/Navegar?idNorma=242302&idParte=8563473
Bases Constitucionales;Decreto 100;Constitución Política Art. 7;22-SEP-2005;MINISTERIO SECRETARÍA GENERAL DE LA PRESIDENCIA;242302;8563474;https://www.leychile.cl/Consulta/Navegar?idNorma=242302&idParte=8563474
Bases Constitucionales;Decreto 100;Constitución Política Art. 8;22-SEP-2005;MINISTERIO SECRETARÍA GENERAL DE LA PRESIDENCIA;242302;8563475;https://www.leychile.cl/Consulta/Navegar?idNorma=242302&idParte=8563475
Bases Constitucionales;Decreto 100;Constitución Política Art. 9;22-SEP-2005;MINISTERIO SECRETARÍA GENERAL DE LA PRESIDENCIA;242302;8563476;https://www.leychile.cl/Consulta/Navegar?idNorma=242302&idParte=8563476
Bases Constitucionales;Decreto 100;Constitución Política de la República de Chile;22-SEP-2005;MINISTERIO SECRETARÍA GENERAL DE LA PRESIDENCIA;242302;0;https://www.leychile.cl/Consulta/Navegar?idNorma=242302&idParte=0
Derechos de las personas ante la administración;Ley 19886;LEY DE BASES SOBRE CONTRATOS ADMINISTRATIVOS DE SUMINISTRO Y PRESTACION DE SERVICIOS;30-JUL-2003;MINISTERIO DE HACIENDA;213004;0;https://www.leychile.cl/Consulta/Navegar?idNorma=213004&idParte=0
Derechos de las personas ante la administración;Ley 19628;SOBRE PROTECCION DE LA VIDA PRIVADA;28-AGO-1999;MINISTERIO SECRETARÍA GENERAL DE LA PRESIDENCIA;141599;0;https://www.leychile.cl/Consulta/Navegar?idNorma=141599&idParte=0
Derechos de las personas ante la administración;Ley 20609;ESTABLECE MEDIDAS CONTRA LA DISCRIMINACIÓN;24-JUL-2012;MINISTERIO SECRETARÍA GENERAL DE GOBIERNO;1042092;9282757;https://www.leychile.cl/Consulta/Navegar?idNorma=1042092&idParte=9282757
Derechos de las personas ante la administración;Ley 20285;SOBRE ACCESO A LA INFORMACIÓN PÚBLICA;20-AGO-2008;MINISTERIO SECRETARÍA GENERAL DE LA PRESIDENCIA;276363;0;https://www.leychile.cl/Consulta/Navegar?idNorma=276363&idParte=0
Derechos de las personas ante la administración;Ley 19496;ESTABLECE NORMAS SOBRE PROTECCION DE LOS DERECHOS DE LOS CONSUMIDORES;07-MAR-1997;MINISTERIO DE ECONOMÍA, FOMENTO Y RECONSTRUCCIÓN;61438;0;https://www.leychile.cl/Consulta/Navegar?idNorma=61438&idParte=0
Derechos de las personas ante la administración;Ley 17336;PROPIEDAD INTELECTUAL;02-OCT-1970;MINISTERIO DE EDUCACIÓN PÚBLICA;28933;0;https://www.leychile.cl/Consulta/Navegar?idNorma=28933&idParte=0
Derechos de las personas ante la administración;Decreto 250;APRUEBA REGLAMENTO DE LA LEY Nº19.886 DE BASES SOBRE CONTRATOS ADMINISTRATIVOS DE SUMINISTRO Y PRESTACION DE SERVICIOS;24-SEP-2004;MINISTERIO DE HACIENDA;230608;0;https://www.leychile.cl/Consulta/Navegar?idNorma=230608&idParte=0
Derechos de las personas ante la administración;Decreto 100;Constitución Política  Art. 21;22-SEP-2005;MINISTERIO SECRETARÍA GENERAL DE LA PRESIDENCIA;242302;8563490;https://www.leychile.cl/Consulta/Navegar?idNorma=242302&idParte=8563490
Derechos de las personas ante la administración;Decreto 100;Constitución Política  Art. 38 inc. 2;22-SEP-2005;MINISTERIO SECRETARÍA GENERAL DE LA PRESIDENCIA;242302;8563510;https://www.leychile.cl/Consulta/Navegar?idNorma=242302&idParte=8563510
Derechos de las personas ante la administración;Decreto 680;APRUEBA INSTRUCCIONES PARA EL ESTABLECIMIENTO DE OFICINAS DE INFORMACION PARA EL PUBLICO USUARIO EN LA ADMINISTRACION DEL ESTADO;16-OCT-1990;MINISTERIO DEL INTERIOR;15058;0;https://www.leychile.cl/Consulta/Navegar?idNorma=15058&idParte=0
Derechos de las personas ante la administración;Auto Acordado S/N;AUTO ACORDADO SOBRE TRAMITACION Y FALLO DEL RECURSO DE PROTECCION DE LAS GARANTIAS CONSTITUCIONALES;27-JUN-1992;CORTE SUPREMA;18;0;https://www.leychile.cl/Consulta/Navegar?idNorma=18&idParte=0
Derechos de las personas ante la administración;Decreto con Fuerza de Ley 3;FIJA TEXTO REFUNDIDO  SISTEMATIZADO Y CONCORDADO DE LA LEY GENERAL DE BANCOS Y DE OTROS CUERPOS LEGALES QUE SE INDICAN;19-DIC-1997;MINISTERIO DE HACIENDA;83135;0;https://www.leychile.cl/Consulta/Navegar?idNorma=83135&idParte=0
Derechos de las personas ante la administración;Decreto con Fuerza de Ley 1;FIJA EL TEXTO REFUNDIDO  COORDINADO Y SISTEMATIZADO DEL DECRETO LEY Nº211  DE 1973;07-MAR-2005;MINISTERIO DE ECONOMÍA, FOMENTO Y RECONSTRUCCIÓN,  SUBSECRETARÍA DE ECONOMÍA, FOMENTO Y RECONSTRUCCIÓN;236106;0;https://www.leychile.cl/Consulta/Navegar?idNorma=236106&idParte=0
Derechos de las personas ante la administración;Decreto Ley 2186;APRUEBA LEY ORGANICA DE PROCEDIMIENTO DE EXPROPIACIONES;09-JUN-1978;MINISTERIO DE JUSTICIA;6848;0;https://www.leychile.cl/Consulta/Navegar?idNorma=6848&idParte=0
Gobierno Electrónico;Ley 19886;LEY DE BASES SOBRE CONTRATOS ADMINISTRATIVOS DE SUMINISTRO Y PRESTACION DE SERVICIOS;30-JUL-2003;MINISTERIO DE HACIENDA;213004;0;https://www.leychile.cl/Consulta/Navegar?idNorma=213004&idParte=0
Gobierno Electrónico;Ley 19880;ESTABLECE BASES DE LOS PROCEDIMIENTOS ADMINISTRATIVOS QUE RIGEN LOS ACTOS DE LOS ORGANOS DE LA ADMINISTRACION DEL ESTADO.;29-MAY-2003;MINISTERIO SECRETARÍA GENERAL DE LA PRESIDENCIA;210676;0;https://www.leychile.cl/Consulta/Navegar?idNorma=210676&idParte=0
Gobierno Electrónico;Ley 19628;SOBRE PROTECCION DE LA VIDA PRIVADA;28-AGO-1999;MINISTERIO SECRETARÍA GENERAL DE LA PRESIDENCIA;141599;0;https://www.leychile.cl/Consulta/Navegar?idNorma=141599&idParte=0
Gobierno Electrónico;Ley 20766;PROCEDIMIENTO DE TOMA DE RAZÓN Y REGISTRO ELECTRÓNICOS;23-JUL-2014;MINISTERIO SECRETARÍA GENERAL DE LA PRESIDENCIA;1064688;0;https://www.leychile.cl/Consulta/Navegar?idNorma=1064688&idParte=0
Gobierno Electrónico;Ley 18876;ESTABLECE EL MARCO LEGAL PARA LA CONSTITUCION Y OPERACION DE ENTIDADES PRIVADAS DE DEPOSITO Y CUSTODIA DE VALORES;21-DIC-1989;MINISTERIO DE HACIENDA;30249;8103476;https://www.leychile.cl/Consulta/Navegar?idNorma=30249&idParte=8103476
Gobierno Electrónico;Ley 20285;SOBRE ACCESO A LA INFORMACIÓN PÚBLICA;20-AGO-2008;MINISTERIO SECRETARÍA GENERAL DE LA PRESIDENCIA;276363;0;https://www.leychile.cl/Consulta/Navegar?idNorma=276363&idParte=0
Gobierno Electrónico;Ley 1853;CODIGO DE PROCEDIMIENTO PENAL  Art. 113;19-FEB-1906;MINISTERIO DE JUSTICIA;22960;8634761;https://www.leychile.cl/Consulta/Navegar?idNorma=22960&idParte=8634761
Gobierno Electrónico;Ley 1853;CODIGO DE PROCEDIMIENTO PENAL  Art. 113 bis;19-FEB-1906;MINISTERIO DE JUSTICIA;22960;8634762;https://www.leychile.cl/Consulta/Navegar?idNorma=22960&idParte=8634762
Gobierno Electrónico;Ley 20500;SOBRE ASOCIACIONES Y PARTICIPACIÓN CIUDADANA EN LA GESTIÓN PÚBLICA;16-FEB-2011;MINISTERIO SECRETARÍA GENERAL DE GOBIERNO;1023143;0;https://www.leychile.cl/Consulta/Navegar?idNorma=1023143&idParte=0
Gobierno Electrónico;Ley 19983;REGULA LA TRANSFERENCIA Y OTORGA MERITO EJECUTIVO A COPIA DE LA FACTURA;15-DIC-2004;MINISTERIO DE HACIENDA;233421;0;https://www.leychile.cl/Consulta/Navegar?idNorma=233421&idParte=0
Gobierno Electrónico;Ley 19799;SOBRE DOCUMENTOS ELECTRONICOS  FIRMA ELECTRONICA Y SERVICIOS DE CERTIFICACION DE DICHA FIRMA;12-ABR-2002;MINISTERIO DE ECONOMÍA, FOMENTO Y RECONSTRUCCIÓN,  SUBSECRETARÍA DE ECONOMÍA, FOMENTO Y RECONSTRUCCIÓN;196640;0;https://www.leychile.cl/Consulta/Navegar?idNorma=196640&idParte=0
Gobierno Electrónico;Ley 19496;ESTABLECE NORMAS SOBRE PROTECCION DE LOS DERECHOS DE LOS CONSUMIDORES;07-MAR-1997;MINISTERIO DE ECONOMÍA, FOMENTO Y RECONSTRUCCIÓN;61438;0;https://www.leychile.cl/Consulta/Navegar?idNorma=61438&idParte=0
Gobierno Electrónico;Ley 19884;SOBRE TRANSPARENCIA  LIMITE Y CONTROL DEL GASTO ELECTORAL;05-AGO-2003;MINISTERIO DEL INTERIOR,  SUBSECRETARIA DEL INTERIOR;213283;0;https://www.leychile.cl/Consulta/Navegar?idNorma=213283&idParte=0
Gobierno Electrónico;Ley 18845;ESTABLECE SISTEMAS DE MICROCOPIA O MICROGRABACION DE DOCUMENTOS;03-NOV-1989;MINISTERIO DE JUSTICIA;30221;0;https://www.leychile.cl/Consulta/Navegar?idNorma=30221&idParte=0
Gobierno Electrónico;Ley 17336;PROPIEDAD INTELECTUAL;02-OCT-1970;MINISTERIO DE EDUCACIÓN PÚBLICA;28933;0;https://www.leychile.cl/Consulta/Navegar?idNorma=28933&idParte=0
Gobierno Electrónico;Decreto 3;APRUEBA REGLAMENTO DE AUTORIZACION DE LICENCIAS MEDICAS POR LAS COMPIN E INSTITUCIONES DE SALUD PREVISIONAL;28-MAY-1984;MINISTERIO DE SALUD;7281;0;https://www.leychile.cl/Consulta/Navegar?idNorma=7281&idParte=0
Gobierno Electrónico;Decreto 93;APRUEBA NORMA TECNICA PARA LA ADOPCION DE MEDIDAS DESTINADAS A MINIMIZAR LOS EFECTOS PERJUDICIALES DE LOS MENSAJES ELECTRONICOS MASIVOS NO SOLICITADOS RECIBIDOS EN LAS CASILLAS ELECTRONICAS DE LOS ORGANOS DE LA ADMINISTRACION DEL ESTADO Y DE SUS FUNCIONARIOS;28-JUL-2006;MINISTERIO SECRETARÍA GENERAL DE LA PRESIDENCIA;251713;0;https://www.leychile.cl/Consulta/Navegar?idNorma=251713&idParte=0
Gobierno Electrónico;Decreto 1312;ESTABLECE SISTEMA DE INFORMACION DE COMPRAS Y CONTRATACIONES PUBLICAS;26-NOV-1999;MINISTERIO DE HACIENDA;148364;0;https://www.leychile.cl/Consulta/Navegar?idNorma=148364&idParte=0
Gobierno Electrónico;Decreto 250;APRUEBA REGLAMENTO DE LA LEY Nº19.886 DE BASES SOBRE CONTRATOS ADMINISTRATIVOS DE SUMINISTRO Y PRESTACION DE SERVICIOS;24-SEP-2004;MINISTERIO DE HACIENDA;230608;0;https://www.leychile.cl/Consulta/Navegar?idNorma=230608&idParte=0
Gobierno Electrónico;Decreto 32;CREA PREMIO A LOS MEJORES SITIOS WEB DEL GOBIERNO DE CHILE;24-JUN-2003;MINISTERIO DE ECONOMÍA,  FOMENTO Y RECONSTRUCCION,  SUBSECRETARIA DE ECONOMIA,  FOMENTO Y RECONSTRUCCION;211552;0;https://www.leychile.cl/Consulta/Navegar?idNorma=211552&idParte=0
Gobierno Electrónico;Decreto 77;APRUEBA NORMA TECNICA SOBRE EFICIENCIA DE LAS COMUNICACIONES ELECTRONICAS ENTRE ORGANOS DE LA ADMINISTRACION DEL ESTADO Y ENTRE ESTOS Y LOS CIUDADANOS;23-DIC-2004;MINISTERIO SECRETARÍA GENERAL DE LA PRESIDENCIA;233912;0;https://www.leychile.cl/Consulta/Navegar?idNorma=233912&idParte=0
Gobierno Electrónico;Decreto 81;APRUEBA NORMA TECNICA PARA LOS ORGANOS DE LA ADMINISTRACION DEL ESTADO SOBRE INTEROPERABILIDAD DE DOCUMENTOS ELECTRONICOS;23-DIC-2004;MINISTERIO SECRETARÍA GENERAL DE LA PRESIDENCIA;233913;0;https://www.leychile.cl/Consulta/Navegar?idNorma=233913&idParte=0
Gobierno Electrónico;Decreto 100;Constitución Política  Art. 24;22-SEP-2005;MINISTERIO SECRETARÍA GENERAL DE LA PRESIDENCIA;242302;8563493;https://www.leychile.cl/Consulta/Navegar?idNorma=242302&idParte=8563493
Gobierno Electrónico;Decreto 329;APRUEBA LEY ORGÁNICA DEL SERVICIO NACIONAL DE ADUANAS;20-JUN-1979;MINISTERIO DE HACIENDA;5441;8692048;https://www.leychile.cl/Consulta/Navegar?idNorma=5441&idParte=8692048
Gobierno Electrónico;Decreto 181;APRUEBA REGLAMENTO DE LA LEY 19.799 SOBRE DOCUMENTOS ELECTRONICOS  FIRMA ELECTRONICA Y LA CERTIFICACION DE DICHA FIRMA;17-AGO-2002;MINISTERIO DE ECONOMÍA,  FOMENTO Y RECONSTRUCCION,  SUBSECRETARIA DE ECONOMIA,  FOMENTO Y RECONSTRUCCION;201668;0;https://www.leychile.cl/Consulta/Navegar?idNorma=201668&idParte=0
Gobierno Electrónico;Decreto 271;APRUEBA REGLAMENTO SOBRE LA INSCRIPCIÓN DE ESQUEMAS DOCUMENTALES EN EL REPOSITORIO DEL ADMINISTRADOR DE ESQUEMAS Y METADATOS PARA LOS ÓRGANOS DE LA ADMINISTRACIÓN DEL ESTADO;13-ENE-2009;MINISTERIO DE ECONOMÍA, FOMENTO Y RECONSTRUCCIÓN,  SUBSECRETARÍA DE ECONOMÍA, FOMENTO Y RECONSTRUCCIÓN;284838;0;https://www.leychile.cl/Consulta/Navegar?idNorma=284838&idParte=0
Gobierno Electrónico;Decreto 13;REGLAMENTO DE LA LEY Nº 20.285 SOBRE ACCESO A LA INFORMACIÓN PÚBLICA;13-ABR-2009;MINISTERIO SECRETARÍA GENERAL DE LA PRESIDENCIA;1001095;0;https://www.leychile.cl/Consulta/Navegar?idNorma=1001095&idParte=0
Gobierno Electrónico;Decreto 93;APRUEBA REGLAMENTO PARA LA APLICACION DEL ARTICULO NOVENO DE LA LEY Nº 19.983  RESPECTO DE LA CESION DE LOS CREDITOS CONTENIDOS EN UNA FACTURA ELECTRONICA;13-ABR-2005;MINISTERIO DE HACIENDA;237001;0;https://www.leychile.cl/Consulta/Navegar?idNorma=237001&idParte=0
Gobierno Electrónico;Decreto 5996;CREA RED INTERNA (INTRANET) DEL ESTADO Y ENTREGA SU IMPLEMENTACION  PUESTA EN MARCHA  ADMINISTRACION  COORDINACION Y SUPERVISION AL MINISTERIO DEL INTERIOR;12-NOV-1999;MINISTERIO DEL INTERIOR,  SUBSECRETARIA DEL INTERIOR;147449;0;https://www.leychile.cl/Consulta/Navegar?idNorma=147449&idParte=0
Gobierno Electrónico;Decreto 83;APRUEBA NORMA TECNICA PARA LOS ORGANOS DE LA ADMINISTRACION DEL ESTADO SOBRE SEGURIDAD Y CONFIDENCIALIDAD DE LOS DOCUMENTOS ELECTRONICOS;12-ENE-2005;MINISTERIO SECRETARÍA GENERAL DE LA PRESIDENCIA;234598;0;https://www.leychile.cl/Consulta/Navegar?idNorma=234598&idParte=0
Gobierno Electrónico;Decreto 100;APRUEBA NORMA TECNICA PARA EL DESARROLLO DE SITIOS WEB DE LOS ORGANOS DE LA ADMINISTRACION DEL ESTADO;12-AGO-2006;MINISTERIO SECRETARÍA GENERAL DE LA PRESIDENCIA;252158;0;https://www.leychile.cl/Consulta/Navegar?idNorma=252158&idParte=0
Gobierno Electrónico;Decreto 779;APRUEBA REGLAMENTO DEL REGISTRO DE BANCOS DE DATOS PERSONALES A CARGO DE ORGANISMOS PUBLICOS;11-NOV-2000;MINISTERIO DE JUSTICIA;177681;0;https://www.leychile.cl/Consulta/Navegar?idNorma=177681&idParte=0
Gobierno Electrónico;Resolución 759;FIJA NORMAS DE PROCEDIMIENTO SOBRE RENDICION DE CUENTAS;17-ENE-2004;CONTRALORÍA GENERAL DE LA REPÚBLICA;220293;0;https://www.leychile.cl/Consulta/Navegar?idNorma=220293&idParte=0
Gobierno Electrónico;Resolución 608 EXENTA;ESTABLECE NORMAS PARA EL OTORGAMIENTO Y TRAMITACION DE LA LICENCIA MEDICA ELECTRONICA;06-OCT-2006;MINISTERIO DE SALUD,  SUBSECRETARÍA DE SALUD PÚBLICA;253860;0;https://www.leychile.cl/Consulta/Navegar?idNorma=253860&idParte=0
Gobierno Electrónico;Resolución 1515;ESTABLECE NORMAS QUE REGULAN INCORPORACION AL SISTEMA DE TRANSMISION ELECTRONICA DE DOCUMENTOS TRIBUTARIOS QUE SE INDICAN;03-ABR-1995;MINISTERIO DE HACIENDA;39825;0;https://www.leychile.cl/Consulta/Navegar?idNorma=39825&idParte=0
Gobierno Electrónico;Resolución 5113;FIJA NORMAS RELATIVAS AL INGRESO O SALIDA DE MERCANCIAS DEL TERRITORIO NACIONAL FORMALIZADAS MEDIANTE EL SISTEMA DE TRANSMISION ELECTRONICA DE DATOS;02-AGO-1996;MINISTERIO DE HACIENDA,  SERVICIO NACIONAL DE ADUANAS,  DIRECCIÓN NACIONAL;37734;0;https://www.leychile.cl/Consulta/Navegar?idNorma=37734&idParte=0
Gobierno Electrónico;Circular 20;NORMAS QUE REGULAN LA INCORPORACION AL SISTEMA DE TRANSMISION ELECTRONICA DE DETERMINADOS DOCUMENTOS;19-ABR-1996;MINISTERIO DE HACIENDA,  SERVICIO DE IMPUESTOS INTERNOS,  DIRECCIÓN NACIONAL;1915;0;https://www.leychile.cl/Consulta/Navegar?idNorma=1915&idParte=0
Gobierno Electrónico;Código DE COMERCIO;CODIGO DE COMERCIO  LIBRO III  Art. 913;;MINISTERIO DE JUSTICIA;1974;8726172;https://www.leychile.cl/Consulta/Navegar?idNorma=1974&idParte=8726172
Gobierno Electrónico;Código DE COMERCIO;CODIGO DE COMERCIO  LIBRO III  Art.1014;;MINISTERIO DE JUSTICIA;1974;8726290;https://www.leychile.cl/Consulta/Navegar?idNorma=1974&idParte=8726290
Gobierno Electrónico;Decreto con Fuerza de Ley 2128;APRUEBA REGLAMENTO ORGÁNICO DEL SERVICIO DE REGISTRO CIVIL;28-AGO-1930;MINISTERIO DE JUSTICIA;5627;8499799;https://www.leychile.cl/Consulta/Navegar?idNorma=5627&idParte=8499799
Gobierno Electrónico;Decreto con Fuerza de Ley 1;FIJA TEXTO REFUNDIDO  COORDINADO Y SISTEMATIZADO DE LA LEY Nº 18.575  ORGANICA CONSTITUCIONAL DE BASES GENERALES DE LA ADMINISTRACION DEL ESTADO;17-NOV-2001;MINISTERIO SECRETARÍA GENERAL DE LA PRESIDENCIA;191865;0;https://www.leychile.cl/Consulta/Navegar?idNorma=191865&idParte=0
Gobierno Electrónico;Decreto con Fuerza de Ley 29;FIJA TEXTO REFUNDIDO  COORDINADO Y SISTEMATIZADO DE LA LEY Nº 18.834  SOBRE ESTATUTO ADMINISTRATIVO;16-MAR-2005;MINISTERIO DE HACIENDA;236392;0;https://www.leychile.cl/Consulta/Navegar?idNorma=236392&idParte=0
Gobierno Electrónico;Decreto con Fuerza de Ley 30;APRUEBA EL TEXTO REFUNDIDO  COORDINADO Y SISTEMATIZADO DEL DECRETO CON FUERZA DE LEY DE HACIENDA Nº 213  DE 1953  SOBRE ORDENANZA DE ADUANAS;04-JUN-2005;MINISTERIO DE HACIENDA;238919;0;https://www.leychile.cl/Consulta/Navegar?idNorma=238919&idParte=0
Gobierno Electrónico;Decreto Ley 824;APRUEBA TEXTO QUE INDICA DE LA LEY SOBRE IMPUESTO A LA RENTA;31-DIC-1974;MINISTERIO DE HACIENDA;6368;8656060;https://www.leychile.cl/Consulta/Navegar?idNorma=6368&idParte=8656060
Gobierno Electrónico;Decreto Ley 825;LEY SOBRE IMPUESTO A LAS VENTAS Y SERVICIOS;31-DIC-1974;MINISTERIO DE HACIENDA;6369;8675376;https://www.leychile.cl/Consulta/Navegar?idNorma=6369&idParte=8675376
Gobierno Electrónico;Decreto Ley 830;CODIGO TRIBUTARIO  Art. 92 bis;31-DIC-1974;MINISTERIO DE HACIENDA;6374;8573571;https://www.leychile.cl/Consulta/Navegar?idNorma=6374&idParte=8573571
Gobierno Interior;Ley 20502;CREA EL MINISTERIO DEL INTERIOR Y SEGURIDAD PÚBLICA Y EL SERVICIO NACIONAL PARA LA PREVENCIÓN Y REHABILITACIÓN DEL CONSUMO DE DROGAS Y ALCOHOL  Y MODIFICA DIVERSOS CUERPOS LEGALES;21-FEB-2011;MINISTERIO DEL INTERIOR;1021537;0;https://www.leychile.cl/Consulta/Navegar?idNorma=1021537&idParte=0
Gobierno Interior;Ley 20384;ADECUA LA LEY ORGÁNICA CONSTITUCIONAL DE VOTACIONES POPULARES Y ESCRUTINIOS A LA LEY N° 20.354  DE REFORMA CONSTITUCIONAL  QUE ESTABLECIÓ LA ELECCIÓN DE PRESIDENTE DE LA REPÚBLICA EN DÍA DOMINGO;17-SEP-2009;MINISTERIO DEL INTERIOR,  SUBSECRETARÍA DEL INTERIOR;1006314;0;https://www.leychile.cl/Consulta/Navegar?idNorma=1006314&idParte=0
Gobierno Interior;Ley 20000;SUSTITUYE LA LEY Nº 19.366  QUE SANCIONA EL TRAFICO ILICITO DE ESTUPEFACIENTES Y SUSTANCIAS SICOTROPICAS;16-FEB-2005;MINISTERIO DEL INTERIOR;235507;0;https://www.leychile.cl/Consulta/Navegar?idNorma=235507&idParte=0
Gobierno Interior;Ley 19640;ESTABLECE LA LEY ORGANICA CONSTITUCIONAL DEL MINISTERIO PUBLICO;15-OCT-1999;MINISTERIO DE JUSTICIA;145437;0;https://www.leychile.cl/Consulta/Navegar?idNorma=145437&idParte=0
Gobierno Interior;Ley 19718;CREA LA DEFENSORIA PENAL PUBLICA;10-MAR-2001;MINISTERIO DE JUSTICIA;182755;0;https://www.leychile.cl/Consulta/Navegar?idNorma=182755&idParte=0
Gobierno Interior;Ley 18700;LEY ORGANICA CONSTITUCIONAL SOBRE VOTACIONES POPULARES Y ESCRUTINIOS;06-MAY-1988;MINISTERIO DEL INTERIOR;30082;0;https://www.leychile.cl/Consulta/Navegar?idNorma=30082&idParte=0
Gobierno Interior;Decreto 100;Constitución Política  Art. 110;22-SEP-2005;MINISTERIO SECRETARÍA GENERAL DE LA PRESIDENCIA;242302;8563601;https://www.leychile.cl/Consulta/Navegar?idNorma=242302&idParte=8563601
Gobierno Interior;Decreto 100;Constitución Política  Art. 111;22-SEP-2005;MINISTERIO SECRETARÍA GENERAL DE LA PRESIDENCIA;242302;8563603;https://www.leychile.cl/Consulta/Navegar?idNorma=242302&idParte=8563603
Gobierno Interior;Decreto 100;Constitución Política  Art. 112;22-SEP-2005;MINISTERIO SECRETARÍA GENERAL DE LA PRESIDENCIA;242302;8563605;https://www.leychile.cl/Consulta/Navegar?idNorma=242302&idParte=8563605
Gobierno Interior;Decreto 100;Constitución Política  Art. 113;22-SEP-2005;MINISTERIO SECRETARÍA GENERAL DE LA PRESIDENCIA;242302;8563606;https://www.leychile.cl/Consulta/Navegar?idNorma=242302&idParte=8563606
Gobierno Interior;Decreto 100;Constitución Política  Art. 114;22-SEP-2005;MINISTERIO SECRETARÍA GENERAL DE LA PRESIDENCIA;242302;8563607;https://www.leychile.cl/Consulta/Navegar?idNorma=242302&idParte=8563607
Gobierno Interior;Decreto 100;Constitución Política  Art. 115;22-SEP-2005;MINISTERIO SECRETARÍA GENERAL DE LA PRESIDENCIA;242302;8563608;https://www.leychile.cl/Consulta/Navegar?idNorma=242302&idParte=8563608
Gobierno Interior;Decreto 100;Constitución Política  Art. 116;22-SEP-2005;MINISTERIO SECRETARÍA GENERAL DE LA PRESIDENCIA;242302;8563609;https://www.leychile.cl/Consulta/Navegar?idNorma=242302&idParte=8563609
Gobierno Interior;Decreto 100;Constitución Política  Art. 117;22-SEP-2005;MINISTERIO SECRETARÍA GENERAL DE LA PRESIDENCIA;242302;8563611;https://www.leychile.cl/Consulta/Navegar?idNorma=242302&idParte=8563611
Gobierno Interior;Decreto 100;Constitución Política  Art. 118;22-SEP-2005;MINISTERIO SECRETARÍA GENERAL DE LA PRESIDENCIA;242302;8563612;https://www.leychile.cl/Consulta/Navegar?idNorma=242302&idParte=8563612
Gobierno Interior;Decreto 100;Constitución Política  Art. 119;22-SEP-2005;MINISTERIO SECRETARÍA GENERAL DE LA PRESIDENCIA;242302;8563614;https://www.leychile.cl/Consulta/Navegar?idNorma=242302&idParte=8563614
Gobierno Interior;Decreto 100;Constitución Política  Art. 120;22-SEP-2005;MINISTERIO SECRETARÍA GENERAL DE LA PRESIDENCIA;242302;8563615;https://www.leychile.cl/Consulta/Navegar?idNorma=242302&idParte=8563615
Gobierno Interior;Decreto 100;Constitución Política  Art. 121;22-SEP-2005;MINISTERIO SECRETARÍA GENERAL DE LA PRESIDENCIA;242302;8563616;https://www.leychile.cl/Consulta/Navegar?idNorma=242302&idParte=8563616
Gobierno Interior;Decreto 100;Constitución Política  Art. 122;22-SEP-2005;MINISTERIO SECRETARÍA GENERAL DE LA PRESIDENCIA;242302;8563617;https://www.leychile.cl/Consulta/Navegar?idNorma=242302&idParte=8563617
Gobierno Interior;Decreto 100;Constitución Política  Art. 123;22-SEP-2005;MINISTERIO SECRETARÍA GENERAL DE LA PRESIDENCIA;242302;8563618;https://www.leychile.cl/Consulta/Navegar?idNorma=242302&idParte=8563618
Gobierno Interior;Decreto 100;Constitución Política  Art. 124;22-SEP-2005;MINISTERIO SECRETARÍA GENERAL DE LA PRESIDENCIA;242302;8563620;https://www.leychile.cl/Consulta/Navegar?idNorma=242302&idParte=8563620
Gobierno Interior;Decreto 100;Constitución Política  Art. 125;22-SEP-2005;MINISTERIO SECRETARÍA GENERAL DE LA PRESIDENCIA;242302;8563621;https://www.leychile.cl/Consulta/Navegar?idNorma=242302&idParte=8563621
Gobierno Interior;Decreto 100;Constitución Política  Art. 126;22-SEP-2005;MINISTERIO SECRETARÍA GENERAL DE LA PRESIDENCIA;242302;8563622;https://www.leychile.cl/Consulta/Navegar?idNorma=242302&idParte=8563622
Gobierno Interior;Decreto 100;Constitución Política  Art. 126 bis;22-SEP-2005;MINISTERIO SECRETARÍA GENERAL DE LA PRESIDENCIA;242302;8563650;https://www.leychile.cl/Consulta/Navegar?idNorma=242302&idParte=8563650
Gobierno Interior;Decreto 100;Constitución Política  Art. 3;22-SEP-2005;MINISTERIO SECRETARÍA GENERAL DE LA PRESIDENCIA;242302;8563470;https://www.leychile.cl/Consulta/Navegar?idNorma=242302&idParte=8563470
Gobierno Interior;Decreto con Fuerza de Ley 1;FIJA EL TEXTO REFUNDIDO  COORDINADO  SISTEMATIZADO Y ACTUALIZADO DE LA LEY N° 19.175  ORGANICA CONSTITUCIONAL SOBRE GOBIERNO Y ADMINISTRACION REGIONAL;08-NOV-2005;MINISTERIO DEL INTERIOR,  SUBSECRETARIA DE DESARROLLO REGIONAL Y ADMINISTRATIVO;243771;0;https://www.leychile.cl/Consulta/Navegar?idNorma=243771&idParte=0
Gobierno Interior;Decreto con Fuerza de Ley 7912;DECRETO QUE ORGANIZA LAS SECRETARIAS DEL ESTADO;05-DIC-1927;MINISTERIO DEL INTERIOR;5654;0;https://www.leychile.cl/Consulta/Navegar?idNorma=5654&idParte=0
Normas Generales;Ley 19886;LEY DE BASES SOBRE CONTRATOS ADMINISTRATIVOS DE SUMINISTRO Y PRESTACION DE SERVICIOS;30-JUL-2003;MINISTERIO DE HACIENDA;213004;0;https://www.leychile.cl/Consulta/Navegar?idNorma=213004&idParte=0
Normas Generales;Ley 19880;ESTABLECE BASES DE LOS PROCEDIMIENTOS ADMINISTRATIVOS QUE RIGEN LOS ACTOS DE LOS ORGANOS DE LA ADMINISTRACION DEL ESTADO.;29-MAY-2003;MINISTERIO SECRETARÍA GENERAL DE LA PRESIDENCIA;210676;0;https://www.leychile.cl/Consulta/Navegar?idNorma=210676&idParte=0
Normas Generales;Ley 19628;SOBRE PROTECCION DE LA VIDA PRIVADA;28-AGO-1999;MINISTERIO SECRETARÍA GENERAL DE LA PRESIDENCIA;141599;0;https://www.leychile.cl/Consulta/Navegar?idNorma=141599&idParte=0
Normas Generales;Ley 19882;REGULA NUEVA POLÍTICA DE PERSONAL A LOS FUNCIONARIOS PÚBLICOS QUE INDICA;23-JUN-2003;MINISTERIO DE HACIENDA;211480;0;https://www.leychile.cl/Consulta/Navegar?idNorma=211480&idParte=0
Normas Generales;Ley 20641;LEY DE PRESUPUESTOS DEL SECTOR PÚBLICO PARA EL AÑO 2013;22-DIC-2012;MINISTERIO DE HACIENDA;1047408;0;https://www.leychile.cl/Consulta/Navegar?idNorma=1047408&idParte=0
Normas Generales;Ley 20285;SOBRE ACCESO A LA INFORMACIÓN PÚBLICA;20-AGO-2008;MINISTERIO SECRETARÍA GENERAL DE LA PRESIDENCIA;276363;0;https://www.leychile.cl/Consulta/Navegar?idNorma=276363&idParte=0
Normas Generales;Ley 20500;SOBRE ASOCIACIONES Y PARTICIPACIÓN CIUDADANA EN LA GESTIÓN PÚBLICA;16-FEB-2011;MINISTERIO SECRETARÍA GENERAL DE GOBIERNO;1023143;0;https://www.leychile.cl/Consulta/Navegar?idNorma=1023143&idParte=0
Normas Generales;Ley 19653;SOBRE PROBIDAD ADMINISTRATIVA APLICABLE DE LOS ORGANOS DE LA ADMINISTRACION DEL ESTADO;14-DIC-1999;MINISTERIO SECRETARÍA GENERAL DE LA PRESIDENCIA;149264;0;https://www.leychile.cl/Consulta/Navegar?idNorma=149264&idParte=0
Normas Generales;Ley 19799;SOBRE DOCUMENTOS ELECTRONICOS  FIRMA ELECTRONICA Y SERVICIOS DE CERTIFICACION DE DICHA FIRMA;12-ABR-2002;MINISTERIO DE ECONOMÍA, FOMENTO Y RECONSTRUCCIÓN,  SUBSECRETARÍA DE ECONOMÍA, FOMENTO Y RECONSTRUCCIÓN;196640;0;https://www.leychile.cl/Consulta/Navegar?idNorma=196640&idParte=0
Normas Generales;Ley 19553;CONCEDE ASIGNACION DE MODERNIZACION Y OTROS BENEFICIOS QUE INDICA;04-FEB-1998;MINISTERIO DE HACIENDA;93381;0;https://www.leychile.cl/Consulta/Navegar?idNorma=93381&idParte=0
Normas Generales;Ley 17336;PROPIEDAD INTELECTUAL;02-OCT-1970;MINISTERIO DE EDUCACIÓN PÚBLICA;28933;0;https://www.leychile.cl/Consulta/Navegar?idNorma=28933&idParte=0
Normas Generales;Decreto 250;APRUEBA REGLAMENTO DE LA LEY Nº19.886 DE BASES SOBRE CONTRATOS ADMINISTRATIVOS DE SUMINISTRO Y PRESTACION DE SERVICIOS;24-SEP-2004;MINISTERIO DE HACIENDA;230608;0;https://www.leychile.cl/Consulta/Navegar?idNorma=230608&idParte=0
Normas Generales;Decreto 100;FIJA EL TEXTO REFUNDIDO  COORDINADO Y SISTEMATIZADO DE LA CONSTITUCION POLITICA DE LA REPUBLICA DE CHILE;22-SEP-2005;MINISTERIO SECRETARÍA GENERAL DE LA PRESIDENCIA;242302;0;https://www.leychile.cl/Consulta/Navegar?idNorma=242302&idParte=0
Normas Generales;Decreto 1825;APRUEBA REGLAMENTO DE CALIFICACIONES DEL PERSONAL AFECTO AL ESTATUTO ADMINISTRATIVO;10-SEP-1998;MINISTERIO DEL INTERIOR,  SUBSECRETARÍA DE DESARROLLO REGIONAL Y ADMINISTRATIVO;124035;0;https://www.leychile.cl/Consulta/Navegar?idNorma=124035&idParte=0
Normas Generales;Resolución 1600;FIJA NORMAS SOBRE EXENCIÓN DEL TRÁMITE DE TOMA DE RAZÓN;06-NOV-2008;CONTRALORÍA GENERAL DE LA REPÚBLICA;280963;0;https://www.leychile.cl/Consulta/Navegar?idNorma=280963&idParte=0
Normas Generales;Decreto con Fuerza de Ley 1;FIJA TEXTO REFUNDIDO  COORDINADO Y SISTEMATIZADO DE LA LEY Nº 18.575  ORGANICA CONSTITUCIONAL DE BASES GENERALES DE LA ADMINISTRACION DEL ESTADO;17-NOV-2001;MINISTERIO SECRETARÍA GENERAL DE LA PRESIDENCIA;191865;0;https://www.leychile.cl/Consulta/Navegar?idNorma=191865&idParte=0
Normas Generales;Decreto con Fuerza de Ley 29;FIJA TEXTO REFUNDIDO  COORDINADO Y SISTEMATIZADO DE LA LEY Nº 18.834  SOBRE ESTATUTO ADMINISTRATIVO;16-MAR-2005;MINISTERIO DE HACIENDA;236392;0;https://www.leychile.cl/Consulta/Navegar?idNorma=236392&idParte=0
Normas Generales;Decreto Ley 1263;DECRETO LEY ORGANICO DE ADMINISTRACION FINANCIERA DEL ESTADO;28-NOV-1975;MINISTERIO DE HACIENDA;6536;0;https://www.leychile.cl/Consulta/Navegar?idNorma=6536&idParte=0
Normas relativas a la información, probidad y transparencia;Ley 19886;LEY DE BASES SOBRE CONTRATOS ADMINISTRATIVOS DE SUMINISTRO Y PRESTACION DE SERVICIOS;30-JUL-2003;MINISTERIO DE HACIENDA;213004;0;https://www.leychile.cl/Consulta/Navegar?idNorma=213004&idParte=0
Normas relativas a la información, probidad y transparencia;Ley 19880;ESTABLECE BASES DE LOS PROCEDIMIENTOS ADMINISTRATIVOS QUE RIGEN LOS ACTOS DE LOS ORGANOS DE LA ADMINISTRACION DEL ESTADO.;29-MAY-2003;MINISTERIO SECRETARÍA GENERAL DE LA PRESIDENCIA;210676;0;https://www.leychile.cl/Consulta/Navegar?idNorma=210676&idParte=0
Normas relativas a la información, probidad y transparencia;Ley 19628;SOBRE PROTECCION DE LA VIDA PRIVADA;28-AGO-1999;MINISTERIO SECRETARÍA GENERAL DE LA PRESIDENCIA;141599;0;https://www.leychile.cl/Consulta/Navegar?idNorma=141599&idParte=0
Normas relativas a la información, probidad y transparencia;Ley 20285;SOBRE ACCESO A LA INFORMACIÓN PÚBLICA;20-AGO-2008;MINISTERIO SECRETARÍA GENERAL DE LA PRESIDENCIA;276363;0;https://www.leychile.cl/Consulta/Navegar?idNorma=276363&idParte=0
Normas relativas a la información, probidad y transparencia;Ley 19653;SOBRE PROBIDAD ADMINISTRATIVA APLICABLE DE LOS ORGANOS DE LA ADMINISTRACION DEL ESTADO;14-DIC-1999;MINISTERIO SECRETARÍA GENERAL DE LA PRESIDENCIA;149264;0;https://www.leychile.cl/Consulta/Navegar?idNorma=149264&idParte=0
Normas relativas a la información, probidad y transparencia;Ley 20393;ESTABLECE LA RESPONSABILIDAD PENAL DE LAS PERSONAS JURÍDICAS EN LOS DELITOS DE LAVADO DE ACTIVOS  FINANCIAMIENTO DEL TERRORISMO Y DELITOS DE COHECHO QUE INDICA;02-DIC-2009;MINISTERIO DE HACIENDA,  SUBSECRETARÍA DE HACIENDA;1008668;0;https://www.leychile.cl/Consulta/Navegar?idNorma=1008668&idParte=0
Normas relativas a la información, probidad y transparencia;Decreto 375;PROMULGA LA CONVENCION DE LAS NACIONES UNIDAS CONTRA LA CORRUPCION;30-ENE-2007;MINISTERIO DE RELACIONES EXTERIORES;257958;0;https://www.leychile.cl/Consulta/Navegar?idNorma=257958&idParte=0
Normas relativas a la información, probidad y transparencia;Decreto 496;PROMULGA LA CONVENCION PARA COMBATIR EL COHECHO A FUNCIONARIOS PUBLICOS EXTRANJEROS EN TRANSACCIONES COMERCIALES INTERNACIONALES Y SU ANEXO;30-ENE-2002;MINISTERIO DE RELACIONES EXTERIORES;194157;0;https://www.leychile.cl/Consulta/Navegar?idNorma=194157&idParte=0
Normas relativas a la información, probidad y transparencia;Decreto 99;REGLAMENTO PARA LA DECLARACION DE INTERESES DE LAS AUTORIDADES Y FUNCIONARIOS DE LA ADMINISTRACION DEL ESTADO;28-JUN-2000;MINISTERIO SECRETARÍA GENERAL DE LA PRESIDENCIA;171504;0;https://www.leychile.cl/Consulta/Navegar?idNorma=171504&idParte=0
Normas relativas a la información, probidad y transparencia;Decreto 250;APRUEBA REGLAMENTO DE LA LEY Nº19.886 DE BASES SOBRE CONTRATOS ADMINISTRATIVOS DE SUMINISTRO Y PRESTACION DE SERVICIOS;24-SEP-2004;MINISTERIO DE HACIENDA;230608;0;https://www.leychile.cl/Consulta/Navegar?idNorma=230608&idParte=0
Normas relativas a la información, probidad y transparencia;Decreto 100;Constitución Política  Art. 8;22-SEP-2005;MINISTERIO SECRETARÍA GENERAL DE LA PRESIDENCIA;242302;8563475;https://www.leychile.cl/Consulta/Navegar?idNorma=242302&idParte=8563475
Normas relativas a la información, probidad y transparencia;Decreto 45;REGLAMENTO PARA LA DECLARACION PATRIMONIAL DE BIENES DE LA LEY Nº20.088;22-MAR-2006;MINISTERIO SECRETARÍA GENERAL DE LA PRESIDENCIA;248305;0;https://www.leychile.cl/Consulta/Navegar?idNorma=248305&idParte=0
Normas relativas a la información, probidad y transparencia;Decreto 680;APRUEBA INSTRUCCIONES PARA EL ESTABLECIMIENTO DE OFICINAS DE INFORMACION PARA EL PUBLICO USUARIO EN LA ADMINISTRACION DEL ESTADO;16-OCT-1990;MINISTERIO DEL INTERIOR;15058;0;https://www.leychile.cl/Consulta/Navegar?idNorma=15058&idParte=0
Normas relativas a la información, probidad y transparencia;Decreto 342;PROMULGA LA CONVENCION DE LAS NACIONES UNIDAS CONTRA LA DELINCUENCIA ORGANIZADA TRANSNACIONAL Y SUS PROTOCOLOS CONTRA EL TRAFICO ILICITO DE MIGRANTES POR TIERRA  MAR Y AIRE Y PARA PREVENIR  REPRIMIR Y SANCIONAR LA TRATA DE PERSONAS  ESPECIALMENTE MUJERES Y NIÑOS;16-FEB-2005;MINISTERIO DE RELACIONES EXTERIORES;235583;0;https://www.leychile.cl/Consulta/Navegar?idNorma=235583&idParte=0
Normas relativas a la información, probidad y transparencia;Decreto 13;REGLAMENTO DE LA LEY Nº 20.285 SOBRE ACCESO A LA INFORMACIÓN PÚBLICA;13-ABR-2009;MINISTERIO SECRETARÍA GENERAL DE LA PRESIDENCIA;1001095;0;https://www.leychile.cl/Consulta/Navegar?idNorma=1001095&idParte=0
Normas relativas a la información, probidad y transparencia;Decreto 2421;FIJA EL TEXTO REFUNDIDO DE LA LEY DE ORGANIZACION Y ATRIBUCIONES DE LA CONTRALORIA GENERAL DE LA REPUBLICA;10-JUL-1964;MINISTERIO DE HACIENDA;18995;0;https://www.leychile.cl/Consulta/Navegar?idNorma=18995&idParte=0
Normas relativas a la información, probidad y transparencia;Decreto 1879;PROMULGA LA CONVENCION INTERAMERICANA CONTRA LA CORRUPCION;02-FEB-1999;MINISTERIO DE RELACIONES EXTERIORES;131065;0;https://www.leychile.cl/Consulta/Navegar?idNorma=131065&idParte=0
Normas relativas a la información, probidad y transparencia;Código PENAL;CODIGO PENAL  Arts. 239 a 241 bis;12-NOV-1874;MINISTERIO DE JUSTICIA;1984;0;https://www.leychile.cl/Consulta/Navegar?idNorma=1984&idParte=0
Normas relativas a la información, probidad y transparencia;Decreto con Fuerza de Ley 1;FIJA TEXTO REFUNDIDO  COORDINADO Y SISTEMATIZADO DE LA LEY Nº 18.575  ORGANICA CONSTITUCIONAL DE BASES GENERALES DE LA ADMINISTRACION DEL ESTADO;17-NOV-2001;MINISTERIO SECRETARÍA GENERAL DE LA PRESIDENCIA;191865;0;https://www.leychile.cl/Consulta/Navegar?idNorma=191865&idParte=0
Normas relativas a la información, probidad y transparencia;Decreto con Fuerza de Ley 29;FIJA TEXTO REFUNDIDO  COORDINADO Y SISTEMATIZADO DE LA LEY Nº 18.834  SOBRE ESTATUTO ADMINISTRATIVO;16-MAR-2005;MINISTERIO DE HACIENDA;236392;0;https://www.leychile.cl/Consulta/Navegar?idNorma=236392&idParte=0
Participación Social;Ley 18603;LEY ORGANICA CONSTITUCIONAL DE LOS PARTIDOS POLITICOS;23-MAR-1987;MINISTERIO DEL INTERIOR;29994;0;https://www.leychile.cl/Consulta/Navegar?idNorma=29994&idParte=0
Participación Social;Ley 20500;SOBRE ASOCIACIONES Y PARTICIPACIÓN CIUDADANA EN LA GESTIÓN PÚBLICA;16-FEB-2011;MINISTERIO SECRETARÍA GENERAL DE GOBIERNO;1023143;0;https://www.leychile.cl/Consulta/Navegar?idNorma=1023143&idParte=0
Participación Social;Ley 18700;LEY ORGANICA CONSTITUCIONAL SOBRE VOTACIONES POPULARES Y ESCRUTINIOS;06-MAY-1988;MINISTERIO DEL INTERIOR;30082;0;https://www.leychile.cl/Consulta/Navegar?idNorma=30082&idParte=0
Participación Social;Decreto 100;Constitución Política  Art. 12;22-SEP-2005;MINISTERIO SECRETARÍA GENERAL DE LA PRESIDENCIA;242302;8563480;https://www.leychile.cl/Consulta/Navegar?idNorma=242302&idParte=8563480
Participación Social;Decreto 100;Constitución Política  Art. 13;22-SEP-2005;MINISTERIO SECRETARÍA GENERAL DE LA PRESIDENCIA;242302;8563481;https://www.leychile.cl/Consulta/Navegar?idNorma=242302&idParte=8563481
Participación Social;Decreto 100;Constitución Política  Art. 14;22-SEP-2005;MINISTERIO SECRETARÍA GENERAL DE LA PRESIDENCIA;242302;8563482;https://www.leychile.cl/Consulta/Navegar?idNorma=242302&idParte=8563482
Participación Social;Decreto 100;Constitución Política  Art. 19 N° 14;22-SEP-2005;MINISTERIO SECRETARÍA GENERAL DE LA PRESIDENCIA;242302;8563487;https://www.leychile.cl/Consulta/Navegar?idNorma=242302&idParte=8563487
Participación Social;Decreto con Fuerza de Ley 1;FIJA EL TEXTO REFUNDIDO  COORDINADO Y SISTEMATIZADO DE LA LEY Nº 18.695  ORGANICA CONSTITUCIONAL DE MUNICIPALIDADES;26-JUL-2006;MINISTERIO DEL INTERIOR,  SUBSECRETARÍA DE DESARROLLO REGIONAL Y ADMINISTRATIVO;251693;0;https://www.leychile.cl/Consulta/Navegar?idNorma=251693&idParte=0
Régimen de contratos administrativos;Ley 19886;LEY DE BASES SOBRE CONTRATOS ADMINISTRATIVOS DE SUMINISTRO Y PRESTACION DE SERVICIOS;30-JUL-2003;MINISTERIO DE HACIENDA;213004;0;https://www.leychile.cl/Consulta/Navegar?idNorma=213004&idParte=0
Régimen de contratos administrativos;Decreto 250;APRUEBA REGLAMENTO DE LA LEY Nº19.886 DE BASES SOBRE CONTRATOS ADMINISTRATIVOS DE SUMINISTRO Y PRESTACION DE SERVICIOS;24-SEP-2004;MINISTERIO DE HACIENDA;230608;0;https://www.leychile.cl/Consulta/Navegar?idNorma=230608&idParte=0
Régimen de contratos administrativos;Decreto 95;APRUEBA REGLAMENTO DE LA LEY Nº 18.928 SOBRE ADQUISICIONES DE BIENES CORPORALES E INCORPORALES MUEBLES Y SERVICIOS DE LAS FUERZAS ARMADAS;22-JUL-2006;MINISTERIO DE HACIENDA;251552;0;https://www.leychile.cl/Consulta/Navegar?idNorma=251552&idParte=0
Régimen de contratos administrativos;Decreto 956;REGLAMENTO DFL MOP Nº 164 DE 1991 MODIFICADO POR LAS LEYES Nº 19.252 DE 1993 Y Nº 19.460 DE 1996;20-MAR-1999;MINISTERIO DE OBRAS PÚBLICAS;133948;0;https://www.leychile.cl/Consulta/Navegar?idNorma=133948&idParte=0
Régimen de contratos administrativos;Decreto 42;APRUEBA REGLAMENTO COMPLEMENTARIO A LA LEY N° 18.928  QUE FIJA NORMAS DE ADQUISICIONES Y ENAJENACIONES DE BIENES CORPORALES E INCORPORALES  MUEBLES Y SERVICIOS DE LAS FF.AA. DNL-925;18-NOV-1995;MINISTERIO DE DEFENSA NACIONAL,  SUBSECRETARÍA DE GUERRA;8094;0;https://www.leychile.cl/Consulta/Navegar?idNorma=8094&idParte=0
Régimen de contratos administrativos;Decreto 900;FIJA TEXTO REFUNDIDO  COORDINADO Y SISTEMATIZADO DEL DFL MOP N° 164  DE 1991 LEY DE CONCESIONES DE OBRAS PUBLICAS;18-DIC-1996;MINISTERIO DE OBRAS PÚBLICAS;16121;0;https://www.leychile.cl/Consulta/Navegar?idNorma=16121&idParte=0
Régimen de contratos administrativos;Decreto 20;MODIFICA DECRETO SUPREMO Nº 250  DE 2004  QUE APRUEBA REGLAMENTO DE LA LEY Nº 19.886  DE BASES SOBRE CONTRATOS ADMINISTRATIVOS DE SUMINISTRO Y PRESTACION DE SERVICIOS;03-MAY-2007;MINISTERIO DE HACIENDA;260560;0;https://www.leychile.cl/Consulta/Navegar?idNorma=260560&idParte=0
Régimen de contratos administrativos;Resolución 1600;FIJA NORMAS SOBRE EXENCIÓN DEL TRÁMITE DE TOMA DE RAZÓN;06-NOV-2008;CONTRALORÍA GENERAL DE LA REPÚBLICA;280963;0;https://www.leychile.cl/Consulta/Navegar?idNorma=280963&idParte=0
Régimen de contratos administrativos;Auto Acordado S/N;AUTO ACORDADO SOBRE FUNCIONAMIENTO DEL TRIBUNAL DE CONTRATACIÓN PÚBLICA TEXTO REFUNDIDO;22-MAR-2011;CORTE SUPREMA;1023902;0;https://www.leychile.cl/Consulta/Navegar?idNorma=1023902&idParte=0
Régimen de Control;Ley 19640;ESTABLECE LA LEY ORGANICA CONSTITUCIONAL DEL MINISTERIO PUBLICO;15-OCT-1999;MINISTERIO DE JUSTICIA;145437;0;https://www.leychile.cl/Consulta/Navegar?idNorma=145437&idParte=0
Régimen de Control;Ley 19718;CREA LA DEFENSORIA PENAL PUBLICA;10-MAR-2001;MINISTERIO DE JUSTICIA;182755;0;https://www.leychile.cl/Consulta/Navegar?idNorma=182755&idParte=0
Régimen de Control;Decreto 100;Constitución Política  Art. 98;22-SEP-2005;MINISTERIO SECRETARÍA GENERAL DE LA PRESIDENCIA;242302;8563585;https://www.leychile.cl/Consulta/Navegar?idNorma=242302&idParte=8563585
Régimen de Control;Decreto 100;Constitución Política  Art. 99;22-SEP-2005;MINISTERIO SECRETARÍA GENERAL DE LA PRESIDENCIA;242302;8563587;https://www.leychile.cl/Consulta/Navegar?idNorma=242302&idParte=8563587
Régimen de Control;Decreto 100;Constitución Política  Contraloría General de la República  Arts. 98 a 100;22-SEP-2005;MINISTERIO SECRETARÍA GENERAL DE LA PRESIDENCIA;242302;8563586;https://www.leychile.cl/Consulta/Navegar?idNorma=242302&idParte=8563586
Régimen de Control;Decreto 100;Constitución Política  Ministerio Público  Arts. 83 a 91;22-SEP-2005;MINISTERIO SECRETARÍA GENERAL DE LA PRESIDENCIA;242302;8563568;https://www.leychile.cl/Consulta/Navegar?idNorma=242302&idParte=8563568
Régimen de Control;Decreto 100;Constitución Política  Poder Judicial  Arts. 76 a 82;22-SEP-2005;MINISTERIO SECRETARÍA GENERAL DE LA PRESIDENCIA;242302;8563560;https://www.leychile.cl/Consulta/Navegar?idNorma=242302&idParte=8563560
Régimen de Control;Decreto 12;CREA CONSEJO DE AUDITORIA INTERNA GENERAL DE GOBIERNO;18-FEB-1997;MINISTERIO SECRETARÍA GENERAL DE LA PRESIDENCIA;61090;0;https://www.leychile.cl/Consulta/Navegar?idNorma=61090&idParte=0
Régimen de Control;Decreto 2421;FIJA EL TEXTO REFUNDIDO DE LA LEY DE ORGANIZACION Y ATRIBUCIONES DE LA CONTRALORIA GENERAL DE LA REPUBLICA;10-JUL-1964;MINISTERIO DE HACIENDA;18995;0;https://www.leychile.cl/Consulta/Navegar?idNorma=18995&idParte=0
Régimen de Control;Resolución 236;APRUEBA REGLAMENTO DE SUMARIOS INSTRUIDOS POR LA CONTRALORIA GENERAL DE LA REPUBLICA;22-JUL-1998;CONTRALORÍA GENERAL DE LA REPÚBLICA;121697;0;https://www.leychile.cl/Consulta/Navegar?idNorma=121697&idParte=0
Régimen de Control;Decreto Ley 799;DEROGA LEY N° 17.054 Y DICTA EN SU REEMPLAZO DISPOSICIONES QUE REGULAN USO Y CIRCULACION DE VEHICULOS ESTATALES;19-DIC-1974;MINISTERIO DEL INTERIOR;6359;0;https://www.leychile.cl/Consulta/Navegar?idNorma=6359&idParte=0
Régimen de Personal;Ley 20212;MODIFICA LAS LEYES N° 19.553  Nº 19.882  Y OTROS CUERPOS LEGALES  CON EL OBJETO DE INCENTIVAR EL DESEMPEÑO DE FUNCIONARIOS PUBLICOS;29-AGO-2007;MINISTERIO DE HACIENDA;264166;0;https://www.leychile.cl/Consulta/Navegar?idNorma=264166&idParte=0
Régimen de Personal;Ley 19505;CONCEDE PERMISO ESPECIAL A TRABAJADORES EN CASO DE ENFERMEDAD GRAVE DE SUS HIJOS;25-JUL-1997;MINISTERIO DEL TRABAJO Y PREVISIÓN SOCIAL;74459;0;https://www.leychile.cl/Consulta/Navegar?idNorma=74459&idParte=0
Régimen de Personal;Ley 20609;ESTABLECE MEDIDAS CONTRA LA DISCRIMINACIÓN;24-JUL-2012;MINISTERIO SECRETARÍA GENERAL DE GOBIERNO;1042092;9282757;https://www.leychile.cl/Consulta/Navegar?idNorma=1042092&idParte=9282757
Régimen de Personal;Ley 19882;REGULA NUEVA POLÍTICA DE PERSONAL A LOS FUNCIONARIOS PÚBLICOS QUE INDICA;23-JUN-2003;MINISTERIO DE HACIENDA;211480;0;https://www.leychile.cl/Consulta/Navegar?idNorma=211480&idParte=0
Régimen de Personal;Ley 20005;TIPIFICA Y SANCIONA EL ACOSO SEXUAL;18-MAR-2005;MINISTERIO DEL TRABAJO Y PREVISIÓN SOCIAL,  SUBSECRETARÍA DEL TRABAJO;236425;0;https://www.leychile.cl/Consulta/Navegar?idNorma=236425&idParte=0
Régimen de Personal;Ley 20636;MODIFICA LEY Nº 20.305  SOBRE CONDICIONES DE RETIRO DE LOS FUNCIONARIOS PÚBLICOS CON BAJAS TASAS DE REEMPLAZO DE SUS PENSIONES  RECONOCE PAGOS Y OTORGA BENEFICIOS;17-NOV-2012;MINISTERIO DE HACIENDA;1045821;0;https://www.leychile.cl/Consulta/Navegar?idNorma=1045821&idParte=0
Régimen de Personal;Ley 19699;OTORGA COMPENSACIONES Y OTROS BENEFICIOS QUE INDICA A FUNCIONARIOS PUBLICOS ESTUDIANTES DE CARRERAS TECNICAS DE NIVEL SUPERIOR;16-NOV-2000;MINISTERIO DE HACIENDA;177728;8493910;https://www.leychile.cl/Consulta/Navegar?idNorma=177728&idParte=8493910
Régimen de Personal;Ley 20702;MODIFICA LEY Nº 18.834  SOBRE ESTATUTO ADMINISTRATIVO  LIMITANDO LA PROHIBICIÓN DE INGRESO A LA ADMINISTRACIÓN PÚBLICA;15-OCT-2013;MINISTERIO DEL INTERIOR Y SEGURIDAD PÚBLICA,  SUBSECRETARÍA DEL INTERIOR;1055080;0;https://www.leychile.cl/Consulta/Navegar?idNorma=1055080&idParte=0
Régimen de Personal;Ley 19296;ESTABLECE NORMAS SOBRE ASOCIACIONES DE FUNCIONARIOS DE LA ADMINISTRACION DEL ESTADO;14-MAR-1994;MINISTERIO DEL TRABAJO Y PREVISIÓN SOCIAL,  SUBSECRETARÍA DEL TRABAJO;30663;0;https://www.leychile.cl/Consulta/Navegar?idNorma=30663&idParte=0
Régimen de Personal;Ley 19653;SOBRE PROBIDAD ADMINISTRATIVA APLICABLE DE LOS ORGANOS DE LA ADMINISTRACION DEL ESTADO;14-DIC-1999;MINISTERIO SECRETARÍA GENERAL DE LA PRESIDENCIA;149264;0;https://www.leychile.cl/Consulta/Navegar?idNorma=149264&idParte=0
Régimen de Personal;Ley 19185;REAJUSTA REMUNERACIONES DEL SECTOR PUBLICO  CONCEDE AGUINALDO DE NAVIDAD Y DICTA OTRAS NORMAS DE CARACTER PECUNIARIO;12-DIC-1992;MINISTERIO DE HACIENDA;30552;8453936;https://www.leychile.cl/Consulta/Navegar?idNorma=30552&idParte=8453936
Régimen de Personal;Ley 20607;MODIFICA EL CÓDIGO DEL TRABAJO  SANCIONANDO LAS PRÁCTICAS DE ACOSO LABORAL;08-AGO-2012;MINISTERIO DEL TRABAJO Y PREVISIÓN SOCIAL,  SUBSECRETARÍA DEL TRABAJO;1042709;0;https://www.leychile.cl/Consulta/Navegar?idNorma=1042709&idParte=0
Régimen de Personal;Ley 19345;DISPONE APLICACION DE LA LEY N° 16.744  SOBRE SEGURO SOCIAL CONTRA RIESGOS DE ACCIDENTES DEL TRABAJO Y ENFERMEDADES PROFESIONALES  A TRABAJADORES DEL SECTOR PUBLICO QUE SEÑALA;07-NOV-1994;MINISTERIO DEL TRABAJO Y PREVISIÓN SOCIAL;30712;0;https://www.leychile.cl/Consulta/Navegar?idNorma=30712&idParte=0
Régimen de Personal;Ley 19104;REAJUSTA REMUNERACIONES DE LOS TRABAJADORES DEL SECTOR PUBLICO Y DICTA OTRAS NORMAS DE CARACTER PECUNIARIO;07-DIC-1991;MINISTERIO DE HACIENDA;30471;8767306;https://www.leychile.cl/Consulta/Navegar?idNorma=30471&idParte=8767306
Régimen de Personal;Ley 20305;MEJORA CONDICIONES DE RETIRO DE LOS TRABAJADORES DEL SECTOR PÚBLICO CON BAJAS TASAS DE REEMPLAZO DE SUS PENSIONES;05-DIC-2008;MINISTERIO DE HACIENDA;282824;0;https://www.leychile.cl/Consulta/Navegar?idNorma=282824&idParte=0
Régimen de Personal;Ley 19475;MODIFICA LEY N° 19.296  SOBRE ASOCIACIONES DE FUNCIONARIOS DE LA ADMINISTRACION DEL ESTADO;04-OCT-1996;MINISTERIO DEL TRABAJO Y PREVISIÓN SOCIAL,  SUBSECRETARÍA DEL TRABAJO;30842;0;https://www.leychile.cl/Consulta/Navegar?idNorma=30842&idParte=0
Régimen de Personal;Ley 19553;CONCEDE ASIGNACION DE MODERNIZACION Y OTROS BENEFICIOS QUE INDICA;04-FEB-1998;MINISTERIO DE HACIENDA;93381;0;https://www.leychile.cl/Consulta/Navegar?idNorma=93381&idParte=0
Régimen de Personal;Ley 19896;INTRODUCE MODIFICACIONES AL DECRETO LEY Nº 1.263  DE 1975  ORGANICO DE ADMINISTRACION FINANCIERA DEL ESTADO Y ESTABLECE OTRAS NORMAS SOBRE ADMINISTRACION PRESUPUESTARIA Y DE PERSONAL;03-SEP-2003;MINISTERIO DE HACIENDA;214348;8649330;https://www.leychile.cl/Consulta/Navegar?idNorma=214348&idParte=8649330
Régimen de Personal;Ley 19354;MODIFICA REGIMEN DE ASIGNACION DE ZONA PARA FUNCIONARIOS OUE SEÑALA;02-DIC-1994;MINISTERIO DE HACIENDA;30721;0;https://www.leychile.cl/Consulta/Navegar?idNorma=30721&idParte=0
Régimen de Personal;Ley 16744;ESTABLECE NORMAS SOBRE ACCIDENTES DEL TRABAJO Y ENFERMEDADES PROFESIONALES;01-FEB-1968;MINISTERIO DEL TRABAJO Y PREVISIÓN SOCIAL,  SUBSECRETARIA DE PREVISION SOCIAL;28650;0;https://www.leychile.cl/Consulta/Navegar?idNorma=28650&idParte=0
Régimen de Personal;Decreto 115;DEFINE LOCALIDADES PARA EFECTOS DEL PAGO DE VIATICOS;27-FEB-1992;MINISTERIO DE HACIENDA;9496;0;https://www.leychile.cl/Consulta/Navegar?idNorma=9496&idParte=0
Régimen de Personal;Decreto 1;FIJA MONTO DE VIATICOS EN DOLARES PARA EL PERSONAL QUE DEBE CUMPLIR COMISIONES DE SERVICIO EN EL EXTRANJERO;24-ENE-1991;MINISTERIO DE HACIENDA;7230;0;https://www.leychile.cl/Consulta/Navegar?idNorma=7230&idParte=0
Régimen de Personal;Decreto 100;Constitución Política Art. 32;22-SEP-2005;MINISTERIO SECRETARÍA GENERAL DE LA PRESIDENCIA;242302;8563503;https://www.leychile.cl/Consulta/Navegar?idNorma=242302&idParte=8563503
Régimen de Personal;Decreto 100;Constitución Política Art. 38;22-SEP-2005;MINISTERIO SECRETARÍA GENERAL DE LA PRESIDENCIA;242302;8563510;https://www.leychile.cl/Consulta/Navegar?idNorma=242302&idParte=8563510
Régimen de Personal;Decreto 3632;APRUEBA REGLAMENTO DE CALIFICACIONES DE LOS TRABAJADORES CONTRATADOS DE ACUERDO AL CODIGO DEL TRABAJO PARA LA APLICACION DEL ARTICULO 7º DE LA LEY Nº19.553;22-ENE-1999;MINISTERIO DEL INTERIOR,  SUBSECRETARÍA DE DESARROLLO REGIONAL Y ADMINISTRATIVO;130648;0;https://www.leychile.cl/Consulta/Navegar?idNorma=130648&idParte=0
Régimen de Personal;Decreto 98;ESTABLECE MODALIDAD A LA QUE DEBEN AJUSTARSE LA CELEBRACION DE CONVENIOS QUE INVOLUCREN LA PRESTACION DE SERVICIOS PERSONALES;19-MAR-1991;MINISTERIO DE HACIENDA;9181;0;https://www.leychile.cl/Consulta/Navegar?idNorma=9181&idParte=0
Régimen de Personal;Decreto 1687;APRUEBA REGLAMENTO A QUE SE REFIERE EL ARTÍCULO 11º DE LA LEY Nº 20.212;18-ABR-2008;MINISTERIO DE HACIENDA;270573;0;https://www.leychile.cl/Consulta/Navegar?idNorma=270573&idParte=0
Régimen de Personal;Decreto 787;MODIFICA DECRETO Nº 983  DE 2003  QUE APROBO REGLAMENTO PARA LA APLICACION DE INCREMENTO POR DESEMPEÑO COLECTIVO DEL ARTICULO 7º DE LA LEY Nº 19.553;17-NOV-2004;MINISTERIO DE HACIENDA;232659;0;https://www.leychile.cl/Consulta/Navegar?idNorma=232659&idParte=0
Régimen de Personal;Decreto 155;APRUEBA REGLAMENTO PARA LA APLICACION DEL SUBSIDIO DE CESANTIA  ESTABLECIDO EN EL DECRETO LEY N.o 603  DE 1974;14-NOV-1974;MINISTERIO DEL TRABAJO Y PREVISIÓN SOCIAL;10167;0;https://www.leychile.cl/Consulta/Navegar?idNorma=10167&idParte=0
Régimen de Personal;Decreto 69;REGLAMENTO SOBRE CONCURSOS DEL ESTATUTO ADMINISTRATIVO;14-AGO-2004;MINISTERIO DE HACIENDA;229098;0;https://www.leychile.cl/Consulta/Navegar?idNorma=229098&idParte=0
Régimen de Personal;Decreto 88;ESTABLECE NUEVO REGLAMENTO SOBRE EL PREMIO ANUAL POR EXCELENCIA INSTITUCIONAL  DEL ARTICULO SEXTO DE LA LEY N° 19.882;13-MAR-2007;MINISTERIO DE HACIENDA;259096;0;https://www.leychile.cl/Consulta/Navegar?idNorma=259096&idParte=0
Régimen de Personal;Decreto 983;APRUEBA REGLAMENTO PARA LA APLICACION DE INCREMENTO POR DESEMPEÑO COLECTIVO DEL ARTICULO 7º DE LA LEY Nº 19.553;12-ENE-2004;MINISTERIO DE HACIENDA;219999;0;https://www.leychile.cl/Consulta/Navegar?idNorma=219999&idParte=0
Régimen de Personal;Decreto 859;APRUEBA REGLAMENTO DEL CONSEJO DE ALTA DIRECCION PUBLICA ESTABLECIDO EN LA LEY Nº 19.882;12-DIC-2005;MINISTERIO DE HACIENDA;244886;0;https://www.leychile.cl/Consulta/Navegar?idNorma=244886&idParte=0
Régimen de Personal;Decreto 54;APRUEBA EL REGLAMENTO PARA LA CONSTITUCIÓN Y FUNCIONAMIENTO DE LOS COMITÉS PARITARIOS DE HIGIENE Y SEGURIDAD;11-MAR-1969;MINISTERIO DEL TRABAJO Y PREVISIÓN SOCIAL;8336;0;https://www.leychile.cl/Consulta/Navegar?idNorma=8336&idParte=0
Régimen de Personal;Decreto 1825;APRUEBA REGLAMENTO DE CALIFICACIONES DEL PERSONAL AFECTO AL ESTATUTO ADMINISTRATIVO;10-SEP-1998;MINISTERIO DEL INTERIOR,  SUBSECRETARÍA DE DESARROLLO REGIONAL Y ADMINISTRATIVO;124035;0;https://www.leychile.cl/Consulta/Navegar?idNorma=124035&idParte=0
Régimen de Personal;Decreto 19;PROMULGA LA REVISIÓN SUSTANTIVA DEL ACUERDO CON EL PROGRAMA DE LAS NACIONES UNIDAS PARA EL DESARROLLO SOBRE EL PROYECTO: "FORTALECIMIENTO DE LA GESTIÓN PÚBLICA PARTICIPATIVA Y COHESIÓN SOCIAL";05-JUN-2012;MINISTERIO DE RELACIONES EXTERIORES;1040730;0;https://www.leychile.cl/Consulta/Navegar?idNorma=1040730&idParte=0
Régimen de Personal;Decreto 1238;MODIFICA REGLAMENTO PARA LA APLICACION DE INCREMENTO POR DESEMPEÑO INSTITUCIONAL DEL ARTICULO 6º DE LA LEY Nº 19.553  APROBADO POR DECRETO Nº 475  DE 1998;04-ENE-2006;MINISTERIO DE HACIENDA;245874;0;https://www.leychile.cl/Consulta/Navegar?idNorma=245874&idParte=0
Régimen de Personal;Decreto 834;APRUEBA REGLAMENTO PARA LA APLICACION DE LA BONIFICACION POR RETIRO QUE ESTABLECE LA LEY Nº 19.882;04-DIC-2003;MINISTERIO DE HACIENDA;218239;0;https://www.leychile.cl/Consulta/Navegar?idNorma=218239&idParte=0
Régimen de Personal;Decreto 262;APRUEBA EL REGLAMENTO DE VIATICOS PARA EL PERSONAL DE LA ADMINISTRACION PUBLICA;03-MAY-1977;MINISTERIO DE HACIENDA;5238;0;https://www.leychile.cl/Consulta/Navegar?idNorma=5238&idParte=0
Régimen de Personal;Resolución 236;APRUEBA REGLAMENTO DE SUMARIOS INSTRUIDOS POR LA CONTRALORIA GENERAL DE LA REPUBLICA;22-JUL-1998;CONTRALORÍA GENERAL DE LA REPÚBLICA;121697;0;https://www.leychile.cl/Consulta/Navegar?idNorma=121697&idParte=0
Régimen de Personal;Resolución 1600;FIJA NORMAS SOBRE EXENCIÓN DEL TRÁMITE DE TOMA DE RAZÓN;06-NOV-2008;CONTRALORÍA GENERAL DE LA REPÚBLICA;280963;0;https://www.leychile.cl/Consulta/Navegar?idNorma=280963&idParte=0
Régimen de Personal;Decreto con Fuerza de Ley 150;FIJA EL TEXTO REFUNDIDO  COORDINADO Y SISTEMATIZADO DE LAS NORMAS SOBRE SISTEMA UNICO DE PRESTACIONES FAMILIARES Y SISTEMA DE SUBSIDIOS DE CESANTIA PARA LOS TRABAJADORES DE LOS SECTORES PRIVADO Y PUBLICO  CONTENIDAS EN LOS DECRETOS LEYES N°S. 307 Y 603  AMBOS DE 1974;25-MAR-1982;MINISTERIO DEL TRABAJO Y PREVISIÓN SOCIAL;4824;0;https://www.leychile.cl/Consulta/Navegar?idNorma=4824&idParte=0
Régimen de Personal;Decreto con Fuerza de Ley 1;FIJA TEXTO REFUNDIDO  COORDINADO Y SISTEMATIZADO DE LA LEY Nº 18.575  ORGANICA CONSTITUCIONAL DE BASES GENERALES DE LA ADMINISTRACION DEL ESTADO;17-NOV-2001;MINISTERIO SECRETARÍA GENERAL DE LA PRESIDENCIA;191865;0;https://www.leychile.cl/Consulta/Navegar?idNorma=191865&idParte=0
Régimen de Personal;Decreto con Fuerza de Ley 29;FIJA TEXTO REFUNDIDO  COORDINADO Y SISTEMATIZADO DE LA LEY Nº 18.834  SOBRE ESTATUTO ADMINISTRATIVO;16-MAR-2005;MINISTERIO DE HACIENDA;236392;0;https://www.leychile.cl/Consulta/Navegar?idNorma=236392&idParte=0
Régimen de Personal;Decreto con Fuerza de Ley 1;CODIGO DEL TRABAJO  Art. 2;16-ENE-2003;MINISTERIO DEL TRABAJO Y PREVISIÓN SOCIAL,  SUBSECRETARÍA DEL TRABAJO;207436;8511823;https://www.leychile.cl/Consulta/Navegar?idNorma=207436&idParte=8511823
Régimen de Personal;Decreto con Fuerza de Ley 1;CODIGO DEL TRABAJO  TITULO II  Arts. 194 a 208;16-ENE-2003;MINISTERIO DEL TRABAJO Y PREVISIÓN SOCIAL,  SUBSECRETARÍA DEL TRABAJO;207436;8512057;https://www.leychile.cl/Consulta/Navegar?idNorma=207436&idParte=8512057
Régimen de Personal;Decreto Ley 1608;DICTA NORMAS PARA IMPLANTAR LA SEGUNDA ETAPA DE LA CARRERA FUNCIONARIA Y OTRAS DISPOSICIONES;07-DIC-1976;MINISTERIO DE HACIENDA;6684;0;https://www.leychile.cl/Consulta/Navegar?idNorma=6684&idParte=0
Régimen de Personal;Decreto Ley 249;FIJA ESCALA UNICA DE SUELDOS PARA EL PERSONAL QUE SEÑALA;05-ENE-1974;MINISTERIO DE HACIENDA;5904;0;https://www.leychile.cl/Consulta/Navegar?idNorma=5904&idParte=0
Régimen sobre bienes del Estado;Ley 19886;LEY DE BASES SOBRE CONTRATOS ADMINISTRATIVOS DE SUMINISTRO Y PRESTACION DE SERVICIOS;30-JUL-2003;MINISTERIO DE HACIENDA;213004;0;https://www.leychile.cl/Consulta/Navegar?idNorma=213004&idParte=0
Régimen sobre bienes del Estado;Ley 19776;SOBRE REGULARIZACION DE POSESION Y OCUPACION DE INMUEBLES FISCALES EN LA FORMA QUE INDICA;21-DIC-2001;MINISTERIO DE BIENES NACIONALES;192985;0;https://www.leychile.cl/Consulta/Navegar?idNorma=192985&idParte=0
Régimen sobre bienes del Estado;Ley 20088;ESTABLECE COMO OBLIGATORIA LA DECLARACION JURADA PATRIMONIAL DE BIENES A LAS AUTORIDADES QUE EJERCEN UNA FUNCION PUBLICA;05-ENE-2006;MINISTERIO SECRETARÍA GENERAL DE LA PRESIDENCIA;245930;0;https://www.leychile.cl/Consulta/Navegar?idNorma=245930&idParte=0
Régimen sobre bienes del Estado;Decreto 638;COMPLEMENTA DECRETO Nº 1.179  DE 2003  QUE ESTABLECE GRADUALIDAD PARA INCORPORACION DE MUNICIPIOS DEL PAIS A LOS SISTEMAS A QUE SE REFIEREN LOS ARTICULOS 18  19 Y 20 DE LA LEY Nº19.886;24-SEP-2004;MINISTERIO DE HACIENDA;230603;0;https://www.leychile.cl/Consulta/Navegar?idNorma=230603&idParte=0
Régimen sobre bienes del Estado;Decreto 100;Constitución Política  Art. 19 N° 23;22-SEP-2005;MINISTERIO SECRETARÍA GENERAL DE LA PRESIDENCIA;242302;8563487;https://www.leychile.cl/Consulta/Navegar?idNorma=242302&idParte=8563487
Régimen sobre bienes del Estado;Decreto 95;APRUEBA REGLAMENTO DE LA LEY Nº 18.928 SOBRE ADQUISICIONES DE BIENES CORPORALES E INCORPORALES MUEBLES Y SERVICIOS DE LAS FUERZAS ARMADAS;22-JUL-2006;MINISTERIO DE HACIENDA;251552;0;https://www.leychile.cl/Consulta/Navegar?idNorma=251552&idParte=0
Régimen sobre bienes del Estado;Decreto 42;APRUEBA REGLAMENTO COMPLEMENTARIO A LA LEY N° 18.928  QUE FIJA NORMAS DE ADQUISICIONES Y ENAJENACIONES DE BIENES CORPORALES E INCORPORALES  MUEBLES Y SERVICIOS DE LAS FF.AA. DNL-925;18-NOV-1995;MINISTERIO DE DEFENSA NACIONAL,  SUBSECRETARÍA DE GUERRA;8094;0;https://www.leychile.cl/Consulta/Navegar?idNorma=8094&idParte=0
Régimen sobre bienes del Estado;Decreto 620;MODIFICA DECRETO SUPREMO Nº 250  DE 2004  QUE APROBO EL REGLAMENTO DE LA LEY Nº 19.886  DE BASES SOBRE CONTRATOS ADMINISTRATIVOS DE SUMINISTRO Y PRESTACION DE SERVICIOS;13-JUL-2007;MINISTERIO DE HACIENDA;262643;0;https://www.leychile.cl/Consulta/Navegar?idNorma=262643&idParte=0
Régimen sobre bienes del Estado;Decreto 577;REGLAMENTO SOBRE BIENES MUEBLES FISCALES;11-OCT-1978;MINISTERIO DE TIERRAS Y COLONIZACIÓN;138056;0;https://www.leychile.cl/Consulta/Navegar?idNorma=138056&idParte=0
Régimen sobre bienes del Estado;Decreto 1179;ESTABLECE GRADUALIDAD PARA INCORPORACION DE LOS MUNICIPIOS DEL PAIS A LOS SISTEMAS A QUE SE REFIEREN LOS ARTICULOS 18  19 Y 20 DE LA LEY Nº 19.886;05-FEB-2004;MINISTERIO DE HACIENDA;220924;0;https://www.leychile.cl/Consulta/Navegar?idNorma=220924&idParte=0
Régimen sobre bienes del Estado;Decreto 20;MODIFICA DECRETO SUPREMO Nº 250  DE 2004  QUE APRUEBA REGLAMENTO DE LA LEY Nº 19.886  DE BASES SOBRE CONTRATOS ADMINISTRATIVOS DE SUMINISTRO Y PRESTACION DE SERVICIOS;03-MAY-2007;MINISTERIO DE HACIENDA;260560;0;https://www.leychile.cl/Consulta/Navegar?idNorma=260560&idParte=0
Régimen sobre bienes del Estado;Resolución 2673 EXENTA;Sin título;25-SEP-2004;MINISTERIO DE ECONOMÍA,  FOMENTO Y RECONSTRUCCION,  SUBSECRETARÍA DE PESCA;230668;0;https://www.leychile.cl/Consulta/Navegar?idNorma=230668&idParte=0
Régimen sobre bienes del Estado;Auto Acordado S/N;AUTO ACORDADO SOBRE FUNCIONAMIENTO DEL TRIBUNAL DE CONTRATACIÓN PÚBLICA TEXTO REFUNDIDO;22-MAR-2011;CORTE SUPREMA;1023902;0;https://www.leychile.cl/Consulta/Navegar?idNorma=1023902&idParte=0
Régimen sobre bienes del Estado;Decreto con Fuerza de Ley 789;FIJA NORMAS SOBRE ADQUISICION Y DISPOSICION DE LOS BIENES MUNICIPALES;12-DIC-1978;MINISTERIO DE TIERRAS Y COLONIZACIÓN;5596;0;https://www.leychile.cl/Consulta/Navegar?idNorma=5596&idParte=0
Régimen sobre bienes del Estado;Decreto Ley 1939;NORMAS SOBRE ADQUISICION  ADMINISTRACION Y DISPOSICION DE BIENES DEL ESTADO;10-NOV-1977;MINISTERIO DE TIERRAS Y COLONIZACION;6778;0;https://www.leychile.cl/Consulta/Navegar?idNorma=6778&idParte=0
Acoso Laboral;Ley 20607;MODIFICA EL CÓDIGO DEL TRABAJO  SANCIONANDO LAS PRÁCTICAS DE ACOSO LABORAL;08-AGO-2012;MINISTERIO DEL TRABAJO Y PREVISIÓN SOCIAL,  SUBSECRETARÍA DEL TRABAJO;1042709;0;https://www.leychile.cl/Consulta/Navegar?idNorma=1042709&idParte=0
Acoso Laboral;Decreto con Fuerza de Ley 29;Estatuto Administrativo - Acoso Laboral;16-MAR-2005;MINISTERIO DE HACIENDA;236392;8652445;https://www.leychile.cl/Consulta/Navegar?idNorma=236392&idParte=8652445
Acoso Laboral;Decreto con Fuerza de Ley 1;CODIGO DEL TRABAJO  Art. 2;16-ENE-2003;MINISTERIO DEL TRABAJO Y PREVISIÓN SOCIAL,  SUBSECRETARÍA DEL TRABAJO;207436;8511823;https://www.leychile.cl/Consulta/Navegar?idNorma=207436&idParte=8511823
Acoso Sexual;Ley 20005;TIPIFICA Y SANCIONA EL ACOSO SEXUAL;18-MAR-2005;MINISTERIO DEL TRABAJO Y PREVISIÓN SOCIAL,  SUBSECRETARÍA DEL TRABAJO;236425;0;https://www.leychile.cl/Consulta/Navegar?idNorma=236425&idParte=0
Acoso Sexual;Decreto con Fuerza de Ley 29;ESTATUTO ADMINISTRATIVO - ACOSO SEXUAL;16-MAR-2005;MINISTERIO DE HACIENDA;236392;8652445;https://www.leychile.cl/Consulta/Navegar?idNorma=236392&idParte=8652445
Acoso Sexual;Decreto con Fuerza de Ley 1;CODIGO DEL TRABAJO  Art. 2;16-ENE-2003;MINISTERIO DEL TRABAJO Y PREVISIÓN SOCIAL,  SUBSECRETARÍA DEL TRABAJO;207436;8511823;https://www.leychile.cl/Consulta/Navegar?idNorma=207436&idParte=8511823
Asignación de zona;Ley 20212;MODIFICA LAS LEYES N° 19.553  Nº 19.882  Y OTROS CUERPOS LEGALES  CON EL OBJETO DE INCENTIVAR EL DESEMPEÑO DE FUNCIONARIOS PUBLICOS;29-AGO-2007;MINISTERIO DE HACIENDA;264166;8655087;https://www.leychile.cl/Consulta/Navegar?idNorma=264166&idParte=8655087
Asignación de zona;Ley 19354;MODIFICA REGIMEN DE ASIGNACION DE ZONA PARA FUNCIONARIOS OUE SEÑALA;02-DIC-1994;MINISTERIO DE HACIENDA;30721;0;https://www.leychile.cl/Consulta/Navegar?idNorma=30721&idParte=0
Asociaciones de Funcionarios;Ley 19296;ESTABLECE NORMAS SOBRE ASOCIACIONES DE FUNCIONARIOS DE LA ADMINISTRACION DEL ESTADO;14-MAR-1994;MINISTERIO DEL TRABAJO Y PREVISIÓN SOCIAL,  SUBSECRETARÍA DEL TRABAJO;30663;0;https://www.leychile.cl/Consulta/Navegar?idNorma=30663&idParte=0
Asociaciones de Funcionarios;Ley 19475;MODIFICA LEY N° 19.296  SOBRE ASOCIACIONES DE FUNCIONARIOS DE LA ADMINISTRACION DEL ESTADO;04-OCT-1996;MINISTERIO DEL TRABAJO Y PREVISIÓN SOCIAL,  SUBSECRETARÍA DEL TRABAJO;30842;0;https://www.leychile.cl/Consulta/Navegar?idNorma=30842&idParte=0
Capacitación y perfeccionamiento;Decreto con Fuerza de Ley 1;FIJA TEXTO REFUNDIDO  COORDINADO Y SISTEMATIZADO DE LA LEY Nº 18.575  ORGANICA CONSTITUCIONAL DE BASES GENERALES DE LA ADMINISTRACION DEL ESTADO;17-NOV-2001;MINISTERIO SECRETARÍA GENERAL DE LA PRESIDENCIA;191865;0;https://www.leychile.cl/Consulta/Navegar?idNorma=191865&idParte=0
Capacitación y perfeccionamiento;Decreto con Fuerza de Ley 29;FIJA TEXTO REFUNDIDO  COORDINADO Y SISTEMATIZADO DE LA LEY Nº 18.834  SOBRE ESTATUTO ADMINISTRATIVO;16-MAR-2005;MINISTERIO DE HACIENDA;236392;0;https://www.leychile.cl/Consulta/Navegar?idNorma=236392&idParte=0
Contratación personal honorarios;Ley 19896;INTRODUCE MODIFICACIONES AL DECRETO LEY Nº 1.263  DE 1975  ORGANICO DE ADMINISTRACION FINANCIERA DEL ESTADO Y ESTABLECE OTRAS NORMAS SOBRE ADMINISTRACION PRESUPUESTARIA Y DE PERSONAL;03-SEP-2003;MINISTERIO DE HACIENDA;214348;8649330;https://www.leychile.cl/Consulta/Navegar?idNorma=214348&idParte=8649330
Contratación personal honorarios;Decreto 98;ESTABLECE MODALIDAD A LA QUE DEBEN AJUSTARSE LA CELEBRACION DE CONVENIOS QUE INVOLUCREN LA PRESTACION DE SERVICIOS PERSONALES;19-MAR-1991;MINISTERIO DE HACIENDA;9181;0;https://www.leychile.cl/Consulta/Navegar?idNorma=9181&idParte=0
Contratación personal honorarios;Decreto con Fuerza de Ley 1;FIJA TEXTO REFUNDIDO  COORDINADO Y SISTEMATIZADO DE LA LEY Nº 18.575  ORGANICA CONSTITUCIONAL DE BASES GENERALES DE LA ADMINISTRACION DEL ESTADO;17-NOV-2001;MINISTERIO SECRETARÍA GENERAL DE LA PRESIDENCIA;191865;0;https://www.leychile.cl/Consulta/Navegar?idNorma=191865&idParte=0
Contratación personal honorarios;Decreto con Fuerza de Ley 29;FIJA TEXTO REFUNDIDO  COORDINADO Y SISTEMATIZADO DE LA LEY Nº 18.834  SOBRE ESTATUTO ADMINISTRATIVO;16-MAR-2005;MINISTERIO DE HACIENDA;236392;0;https://www.leychile.cl/Consulta/Navegar?idNorma=236392&idParte=0
Contratación personal honorarios;Decreto Ley 1608;DICTA NORMAS PARA IMPLANTAR LA SEGUNDA ETAPA DE LA CARRERA FUNCIONARIA Y OTRAS DISPOSICIONES;07-DIC-1976;MINISTERIO DE HACIENDA;6684;0;https://www.leychile.cl/Consulta/Navegar?idNorma=6684&idParte=0
Discriminación;Ley 20609;ESTABLECE MEDIDAS CONTRA LA DISCRIMINACIÓN;24-JUL-2012;MINISTERIO SECRETARÍA GENERAL DE GOBIERNO;1042092;9282757;https://www.leychile.cl/Consulta/Navegar?idNorma=1042092&idParte=9282757
Evaluación del desempeño;Decreto 3632;APRUEBA REGLAMENTO DE CALIFICACIONES DE LOS TRABAJADORES CONTRATADOS DE ACUERDO AL CODIGO DEL TRABAJO PARA LA APLICACION DEL ARTICULO 7º DE LA LEY Nº19.553;22-ENE-1999;MINISTERIO DEL INTERIOR,  SUBSECRETARÍA DE DESARROLLO REGIONAL Y ADMINISTRATIVO;130648;0;https://www.leychile.cl/Consulta/Navegar?idNorma=130648&idParte=0
Evaluación del desempeño;Decreto 1825;APRUEBA REGLAMENTO DE CALIFICACIONES DEL PERSONAL AFECTO AL ESTATUTO ADMINISTRATIVO;10-SEP-1998;MINISTERIO DEL INTERIOR,  SUBSECRETARÍA DE DESARROLLO REGIONAL Y ADMINISTRATIVO;124035;0;https://www.leychile.cl/Consulta/Navegar?idNorma=124035&idParte=0
Evaluación del desempeño;Decreto con Fuerza de Ley 1;FIJA TEXTO REFUNDIDO  COORDINADO Y SISTEMATIZADO DE LA LEY Nº 18.575  ORGANICA CONSTITUCIONAL DE BASES GENERALES DE LA ADMINISTRACION DEL ESTADO;17-NOV-2001;MINISTERIO SECRETARÍA GENERAL DE LA PRESIDENCIA;191865;8562381;https://www.leychile.cl/Consulta/Navegar?idNorma=191865&idParte=8562381
Evaluación del desempeño;Decreto con Fuerza de Ley 29;FIJA TEXTO REFUNDIDO  COORDINADO Y SISTEMATIZADO DE LA LEY Nº 18.834  SOBRE ESTATUTO ADMINISTRATIVO;16-MAR-2005;MINISTERIO DE HACIENDA;236392;8652387;https://www.leychile.cl/Consulta/Navegar?idNorma=236392&idParte=8652387
Higiene y Seguridad;Ley 20212;MODIFICA LAS LEYES N° 19.553  Nº 19.882  Y OTROS CUERPOS LEGALES  CON EL OBJETO DE INCENTIVAR EL DESEMPEÑO DE FUNCIONARIOS PUBLICOS;29-AGO-2007;MINISTERIO DE HACIENDA;264166;0;https://www.leychile.cl/Consulta/Navegar?idNorma=264166&idParte=0
Higiene y Seguridad;Ley 19345;DISPONE APLICACION DE LA LEY N° 16.744  SOBRE SEGURO SOCIAL CONTRA RIESGOS DE ACCIDENTES DEL TRABAJO Y ENFERMEDADES PROFESIONALES  A TRABAJADORES DEL SECTOR PUBLICO QUE SEÑALA;07-NOV-1994;MINISTERIO DEL TRABAJO Y PREVISIÓN SOCIAL;30712;0;https://www.leychile.cl/Consulta/Navegar?idNorma=30712&idParte=0
Higiene y Seguridad;Ley 19553;CONCEDE ASIGNACION DE MODERNIZACION Y OTROS BENEFICIOS QUE INDICA;04-FEB-1998;MINISTERIO DE HACIENDA;93381;0;https://www.leychile.cl/Consulta/Navegar?idNorma=93381&idParte=0
Higiene y Seguridad;Ley 16744;ESTABLECE NORMAS SOBRE ACCIDENTES DEL TRABAJO Y ENFERMEDADES PROFESIONALES;01-FEB-1968;MINISTERIO DEL TRABAJO Y PREVISIÓN SOCIAL,  SUBSECRETARIA DE PREVISION SOCIAL;28650;0;https://www.leychile.cl/Consulta/Navegar?idNorma=28650&idParte=0
Higiene y Seguridad;Decreto 54;APRUEBA EL REGLAMENTO PARA LA CONSTITUCIÓN Y FUNCIONAMIENTO DE LOS COMITÉS PARITARIOS DE HIGIENE Y SEGURIDAD;11-MAR-1969;MINISTERIO DEL TRABAJO Y PREVISIÓN SOCIAL;8336;0;https://www.leychile.cl/Consulta/Navegar?idNorma=8336&idParte=0
Maternidad;Decreto con Fuerza de Ley 29;FIJA TEXTO REFUNDIDO  COORDINADO Y SISTEMATIZADO DE LA LEY Nº 18.834  SOBRE ESTATUTO ADMINISTRATIVO;16-MAR-2005;MINISTERIO DE HACIENDA;236392;8652452;https://www.leychile.cl/Consulta/Navegar?idNorma=236392&idParte=8652452
Maternidad;Decreto con Fuerza de Ley 1;CODIGO DEL TRABAJO  TITULO II  Arts. 194 a 208;16-ENE-2003;MINISTERIO DEL TRABAJO Y PREVISIÓN SOCIAL,  SUBSECRETARÍA DEL TRABAJO;207436;8512057;https://www.leychile.cl/Consulta/Navegar?idNorma=207436&idParte=8512057
Subsidio de cesantía;Decreto 155;APRUEBA REGLAMENTO PARA LA APLICACION DEL SUBSIDIO DE CESANTIA  ESTABLECIDO EN EL DECRETO LEY N.o 603  DE 1974;14-NOV-1974;MINISTERIO DEL TRABAJO Y PREVISIÓN SOCIAL;10167;0;https://www.leychile.cl/Consulta/Navegar?idNorma=10167&idParte=0
Subsidio de cesantía;Decreto con Fuerza de Ley 150;FIJA EL TEXTO REFUNDIDO  COORDINADO Y SISTEMATIZADO DE LAS NORMAS SOBRE SISTEMA UNICO DE PRESTACIONES FAMILIARES Y SISTEMA DE SUBSIDIOS DE CESANTIA PARA LOS TRABAJADORES DE LOS SECTORES PRIVADO Y PUBLICO  CONTENIDAS EN LOS DECRETOS LEYES N°S. 307 Y 603  AMBOS DE 1974;25-MAR-1982;MINISTERIO DEL TRABAJO Y PREVISIÓN SOCIAL;4824;0;https://www.leychile.cl/Consulta/Navegar?idNorma=4824&idParte=0
Sumarios;Resolución 236;APRUEBA REGLAMENTO DE SUMARIOS INSTRUIDOS POR LA CONTRALORIA GENERAL DE LA REPUBLICA;22-JUL-1998;CONTRALORÍA GENERAL DE LA REPÚBLICA;121697;0;https://www.leychile.cl/Consulta/Navegar?idNorma=121697&idParte=0
Toma de Razón;Ley 20766;PROCEDIMIENTO DE TOMA DE RAZÓN Y REGISTRO ELECTRÓNICOS;23-JUL-2014;MINISTERIO SECRETARÍA GENERAL DE LA PRESIDENCIA;1064688;0;https://www.leychile.cl/Consulta/Navegar?idNorma=1064688&idParte=0
Toma de Razón;Resolución 1600;FIJA NORMAS SOBRE EXENCIÓN DEL TRÁMITE DE TOMA DE RAZÓN;06-NOV-2008;CONTRALORÍA GENERAL DE LA REPÚBLICA;280963;0;https://www.leychile.cl/Consulta/Navegar?idNorma=280963&idParte=0
Trabajos extraordinarios;Ley 19699;OTORGA COMPENSACIONES Y OTROS BENEFICIOS QUE INDICA A FUNCIONARIOS PUBLICOS ESTUDIANTES DE CARRERAS TECNICAS DE NIVEL SUPERIOR;16-NOV-2000;MINISTERIO DE HACIENDA;177728;8493910;https://www.leychile.cl/Consulta/Navegar?idNorma=177728&idParte=8493910
Trabajos extraordinarios;Ley 19185;REAJUSTA REMUNERACIONES DEL SECTOR PUBLICO  CONCEDE AGUINALDO DE NAVIDAD Y DICTA OTRAS NORMAS DE CARACTER PECUNIARIO;12-DIC-1992;MINISTERIO DE HACIENDA;30552;8453936;https://www.leychile.cl/Consulta/Navegar?idNorma=30552&idParte=8453936
Trabajos extraordinarios;Ley 19104;REAJUSTA REMUNERACIONES DE LOS TRABAJADORES DEL SECTOR PUBLICO Y DICTA OTRAS NORMAS DE CARACTER PECUNIARIO;07-DIC-1991;MINISTERIO DE HACIENDA;30471;8767306;https://www.leychile.cl/Consulta/Navegar?idNorma=30471&idParte=8767306
Trabajos extraordinarios;Decreto con Fuerza de Ley 29;FIJA TEXTO REFUNDIDO  COORDINADO Y SISTEMATIZADO DE LA LEY Nº 18.834  SOBRE ESTATUTO ADMINISTRATIVO;16-MAR-2005;MINISTERIO DE HACIENDA;236392;0;https://www.leychile.cl/Consulta/Navegar?idNorma=236392&idParte=0
Viáticos;Decreto 115;DEFINE LOCALIDADES PARA EFECTOS DEL PAGO DE VIATICOS;27-FEB-1992;MINISTERIO DE HACIENDA;9496;0;https://www.leychile.cl/Consulta/Navegar?idNorma=9496&idParte=0
Viáticos;Decreto 1;FIJA MONTO DE VIATICOS EN DOLARES PARA EL PERSONAL QUE DEBE CUMPLIR COMISIONES DE SERVICIO EN EL EXTRANJERO;24-ENE-1991;MINISTERIO DE HACIENDA;7230;0;https://www.leychile.cl/Consulta/Navegar?idNorma=7230&idParte=0
Viáticos;Decreto 262;APRUEBA EL REGLAMENTO DE VIATICOS PARA EL PERSONAL DE LA ADMINISTRACION PUBLICA;03-MAY-1977;MINISTERIO DE HACIENDA;5238;0;https://www.leychile.cl/Consulta/Navegar?idNorma=5238&idParte=0
Viáticos;Decreto Ley 249;FIJA ESCALA UNICA DE SUELDOS PARA EL PERSONAL QUE SEÑALA;05-ENE-1974;MINISTERIO DE HACIENDA;5904;0;https://www.leychile.cl/Consulta/Navegar?idNorma=5904&idParte=0
Bienes;Ley 19776;SOBRE REGULARIZACION DE POSESION Y OCUPACION DE INMUEBLES FISCALES EN LA FORMA QUE INDICA;21-DIC-2001;MINISTERIO DE BIENES NACIONALES;192985;0;https://www.leychile.cl/Consulta/Navegar?idNorma=192985&idParte=0
Bienes;Ley 20088;ESTABLECE COMO OBLIGATORIA LA DECLARACION JURADA PATRIMONIAL DE BIENES A LAS AUTORIDADES QUE EJERCEN UNA FUNCION PUBLICA;05-ENE-2006;MINISTERIO SECRETARÍA GENERAL DE LA PRESIDENCIA;245930;0;https://www.leychile.cl/Consulta/Navegar?idNorma=245930&idParte=0
Bienes;Decreto 638;COMPLEMENTA DECRETO Nº 1.179  DE 2003  QUE ESTABLECE GRADUALIDAD PARA INCORPORACION DE MUNICIPIOS DEL PAIS A LOS SISTEMAS A QUE SE REFIEREN LOS ARTICULOS 18  19 Y 20 DE LA LEY Nº19.886;24-SEP-2004;MINISTERIO DE HACIENDA;230603;0;https://www.leychile.cl/Consulta/Navegar?idNorma=230603&idParte=0
Bienes;Decreto 95;APRUEBA REGLAMENTO DE LA LEY Nº 18.928 SOBRE ADQUISICIONES DE BIENES CORPORALES E INCORPORALES MUEBLES Y SERVICIOS DE LAS FUERZAS ARMADAS;22-JUL-2006;MINISTERIO DE HACIENDA;251552;0;https://www.leychile.cl/Consulta/Navegar?idNorma=251552&idParte=0
Bienes;Decreto 42;APRUEBA REGLAMENTO COMPLEMENTARIO A LA LEY N° 18.928  QUE FIJA NORMAS DE ADQUISICIONES Y ENAJENACIONES DE BIENES CORPORALES E INCORPORALES  MUEBLES Y SERVICIOS DE LAS FF.AA. DNL-925;18-NOV-1995;MINISTERIO DE DEFENSA NACIONAL,  SUBSECRETARÍA DE GUERRA;8094;0;https://www.leychile.cl/Consulta/Navegar?idNorma=8094&idParte=0
Bienes;Decreto 620;MODIFICA DECRETO SUPREMO Nº 250  DE 2004  QUE APROBO EL REGLAMENTO DE LA LEY Nº 19.886  DE BASES SOBRE CONTRATOS ADMINISTRATIVOS DE SUMINISTRO Y PRESTACION DE SERVICIOS;13-JUL-2007;MINISTERIO DE HACIENDA;262643;0;https://www.leychile.cl/Consulta/Navegar?idNorma=262643&idParte=0
Bienes;Decreto 577;REGLAMENTO SOBRE BIENES MUEBLES FISCALES;11-OCT-1978;MINISTERIO DE TIERRAS Y COLONIZACIÓN;138056;0;https://www.leychile.cl/Consulta/Navegar?idNorma=138056&idParte=0
Bienes;Decreto 1179;ESTABLECE GRADUALIDAD PARA INCORPORACION DE LOS MUNICIPIOS DEL PAIS A LOS SISTEMAS A QUE SE REFIEREN LOS ARTICULOS 18  19 Y 20 DE LA LEY Nº 19.886;05-FEB-2004;MINISTERIO DE HACIENDA;220924;0;https://www.leychile.cl/Consulta/Navegar?idNorma=220924&idParte=0
Bienes;Decreto 20;MODIFICA DECRETO SUPREMO Nº 250  DE 2004  QUE APRUEBA REGLAMENTO DE LA LEY Nº 19.886  DE BASES SOBRE CONTRATOS ADMINISTRATIVOS DE SUMINISTRO Y PRESTACION DE SERVICIOS;03-MAY-2007;MINISTERIO DE HACIENDA;260560;0;https://www.leychile.cl/Consulta/Navegar?idNorma=260560&idParte=0
Bienes;Decreto con Fuerza de Ley 789;FIJA NORMAS SOBRE ADQUISICION Y DISPOSICION DE LOS BIENES MUNICIPALES;12-DIC-1978;MINISTERIO DE TIERRAS Y COLONIZACIÓN;5596;0;https://www.leychile.cl/Consulta/Navegar?idNorma=5596&idParte=0
Bienes;Decreto Ley 1939;NORMAS SOBRE ADQUISICION  ADMINISTRACION Y DISPOSICION DE BIENES DEL ESTADO;10-NOV-1977;MINISTERIO DE TIERRAS Y COLONIZACION;6778;0;https://www.leychile.cl/Consulta/Navegar?idNorma=6778&idParte=0
Compras Públicas;Ley 19886;LEY DE BASES SOBRE CONTRATOS ADMINISTRATIVOS DE SUMINISTRO Y PRESTACION DE SERVICIOS;30-JUL-2003;MINISTERIO DE HACIENDA;213004;0;https://www.leychile.cl/Consulta/Navegar?idNorma=213004&idParte=0
Compras Públicas;Resolución 2673 EXENTA;Sin título;25-SEP-2004;MINISTERIO DE ECONOMÍA,  FOMENTO Y RECONSTRUCCION,  SUBSECRETARÍA DE PESCA;230668;0;https://www.leychile.cl/Consulta/Navegar?idNorma=230668&idParte=0
Compras Públicas;Auto Acordado S/N;AUTO ACORDADO SOBRE FUNCIONAMIENTO DEL TRIBUNAL DE CONTRATACIÓN PÚBLICA TEXTO REFUNDIDO;22-MAR-2011;CORTE SUPREMA;1023902;0;https://www.leychile.cl/Consulta/Navegar?idNorma=1023902&idParte=0
