Grupo;Norma;TÌtulo;PublicaciÛn;Organismo;idNorma;idParte;Url
Normas Generales sobre Medio Ambiente;Ley 19300;Ley sobre Bases Generales del Medio Ambiente;09-MAR-1994;MINISTERIO SECRETARÕA GENERAL DE LA PRESIDENCIA;30667;0;https://www.leychile.cl/Consulta/Navegar?idNorma=30667&idParte=0
Normas Generales sobre Medio Ambiente;Decreto 312;Tratado de libre Comercio Chile. EEUU de NorteamÈrica  de 2003. (CapÌtulo 19);31-DIC-2003;MINISTERIO DE RELACIONES EXTERIORES;219844;7306688;https://www.leychile.cl/Consulta/Navegar?idNorma=219844&idParte=7306688
Normas Generales sobre Medio Ambiente;Decreto 326;Pacto Internacional de Derechos EconÛmicos  Sociales y Culturales  de la ONU aprobado el 16 de diciembre de 1966. (Art. 12 N∞ 2 letra b);27-MAY-1989;MINISTERIO DE RELACIONES EXTERIORES;12382;7144766;https://www.leychile.cl/Consulta/Navegar?idNorma=12382&idParte=7144766
Normas Generales sobre Medio Ambiente;Decreto 100;FIJA EL TEXTO REFUNDIDO  COORDINADO Y SISTEMATIZADO DE LA CONSTITUCION POLITICA DE LA REPUBLICA DE CHILE;22-SEP-2005;MINISTERIO SECRETARÕA GENERAL DE LA PRESIDENCIA;242302;0;https://www.leychile.cl/Consulta/Navegar?idNorma=242302&idParte=0
Normas Generales sobre Medio Ambiente;Decreto 67;PROMULGA EL TRATADO CON ARGENTINA SOBRE MEDIO AMBIENTE Y SUS PROTOCOLOS ESPECIFICOS ADICIONALES SOBRE PROTECCION DEL MEDIO AMBIENTE ANTARTICO Y RECURSOS HIDRICOS COMPARTIDOS  SUSCRITO EL 2 DE AGOSTO DE 1991;14-ABR-1993;MINISTERIO DE RELACIONES EXTERIORES;8593;0;https://www.leychile.cl/Consulta/Navegar?idNorma=8593&idParte=0
Normas Generales sobre Medio Ambiente;Decreto 30;PROMULGA EL TRATADO DE LIBRE COMERCIO ENTRE EL GOBIERNO DE LA REP⁄BLICA DE CHILE Y EL GOBIERNO DE AUSTRALIA  SUS ANEXOS Y CARTAS COMPLEMENTARIAS;06-MAR-2009;MINISTERIO DE RELACIONES EXTERIORES;287899;0;https://www.leychile.cl/Consulta/Navegar?idNorma=287899&idParte=0
Normas Generales sobre Medio Ambiente;Decreto 1020;PROMULGA EL TRATADO DE LIBRE COMERCIO  EL ACUERDO DE COOPERACION AMBIENTAL Y EL ACUERDO DE COOPERACION LABORAL  SUSCRITOS CON CANADA;05-JUL-1997;MINISTERIO DE RELACIONES EXTERIORES;74075;0;https://www.leychile.cl/Consulta/Navegar?idNorma=74075&idParte=0
Normas Generales sobre Medio Ambiente;Decreto 641;PROMULGA EL ACUERDO COMPLEMENTARIO DE COOPERACION EN MATERIA DE MEDIO AMBIENTE  SUSCRITO CON GUATEMALA;05-AGO-1995;MINISTERIO DE RELACIONES EXTERIORES;14824;0;https://www.leychile.cl/Consulta/Navegar?idNorma=14824&idParte=0
Normas Generales sobre Medio Ambiente;Decreto 165;PROMULGA EL ACUERDO CON ALEMANIA SOBRE EL PROYECTO "FOMENTO DE LA PRODUCCION COMPATIBLE CON EL MEDIO AMBIENTE";03-SEP-2003;MINISTERIO DE RELACIONES EXTERIORES;214368;0;https://www.leychile.cl/Consulta/Navegar?idNorma=214368&idParte=0
Normas Generales sobre Medio Ambiente;Decreto 2041;PROMULGA EL PROTOCOLO DE INTENCIONES EN MATERIA DE MEDIO AMBIENTE Y DESARROLLO SUSTENTABLE CON LA CONFEDERACION HELVETICA;02-MAR-1999;MINISTERIO DE RELACIONES EXTERIORES;132976;0;https://www.leychile.cl/Consulta/Navegar?idNorma=132976&idParte=0
Normas Generales sobre Medio Ambiente;Decreto 28;Acuerdo de la AsociaciÛn con la UniÛn Europea  de 2002. (Art. 28);01-FEB-2003;MINISTERIO DE RELACIONES EXTERIORES;207410;9012320;https://www.leychile.cl/Consulta/Navegar?idNorma=207410&idParte=9012320
Normas Generales sobre Medio Ambiente;CÛdigo DE COMERCIO;CÛdigo de Comercio (Art. 1128  N∞ 4);;MINISTERIO DE JUSTICIA;1974;8726422;https://www.leychile.cl/Consulta/Navegar?idNorma=1974&idParte=8726422
Normas Generales sobre Medio Ambiente;CÛdigo PENAL;CÛdigo Penal (Art. 494 N∞s. 17 y 21);12-NOV-1874;MINISTERIO DE JUSTICIA;1984;8552544;https://www.leychile.cl/Consulta/Navegar?idNorma=1984&idParte=8552544
Normas Generales sobre Medio Ambiente;Decreto con Fuerza de Ley 725;CÛdigo Sanitario (Libro III del TÌtulo Preliminar);31-ENE-1968;MINISTERIO DE SALUD P⁄BLICA;5595;8655818;https://www.leychile.cl/Consulta/Navegar?idNorma=5595&idParte=8655818
Normas Generales sobre Medio Ambiente;Decreto con Fuerza de Ley 1;CÛdigo Civil (Art. 603);30-MAY-2000;MINISTERIO DE JUSTICIA;172986;8718463;https://www.leychile.cl/Consulta/Navegar?idNorma=172986&idParte=8718463
Normas Generales sobre Medio Ambiente;Decreto con Fuerza de Ley 1;Ley Org·nica Constitucional de Municipalidades (Art. 3 letra f);26-JUL-2006;MINISTERIO DEL INTERIOR,  SUBSECRETARÕA DE DESARROLLO REGIONAL Y ADMINISTRATIVO;251693;8402335;https://www.leychile.cl/Consulta/Navegar?idNorma=251693&idParte=8402335
Normas Generales sobre Medio Ambiente;Decreto con Fuerza de Ley 1;Ley Org·nica Constitucional sobre Gobierno y AdministraciÛn Regional (Art. 4 letra h);08-NOV-2005;MINISTERIO DEL INTERIOR,  SUBSECRETARIA DE DESARROLLO REGIONAL Y ADMINISTRATIVO;243771;8653173;https://www.leychile.cl/Consulta/Navegar?idNorma=243771&idParte=8653173
LegislaciÛn Org·nica Procesal del Medio Ambiente;Ley 20173;CREA EL CARGO DE PRESIDENTE DE LA COMISION NACIONAL DEL MEDIO AMBIENTE Y LE CONFIERE RANGO DE MINISTRO DE ESTADO;27-MAR-2007;MINISTERIO SECRETARÕA GENERAL DE LA PRESIDENCIA;259412;0;https://www.leychile.cl/Consulta/Navegar?idNorma=259412&idParte=0
LegislaciÛn Org·nica Procesal del Medio Ambiente;Ley 20417;CREA EL MINISTERIO  EL SERVICIO DE EVALUACI”N AMBIENTAL Y LA SUPERINTENDENCIA DEL MEDIO AMBIENTE;26-ENE-2010;MINISTERIO SECRETARÕA GENERAL DE LA PRESIDENCIA;1010459;8848126;https://www.leychile.cl/Consulta/Navegar?idNorma=1010459&idParte=8848126
LegislaciÛn Org·nica Procesal del Medio Ambiente;Ley 18348;CREA LA CORPORACI”N NACIONAL FORESTAL Y DE PROTECCI”N DE RECURSOS NATURALES RENOVABLES;19-OCT-1984;MINISTERIO DE AGRICULTURA;29764;0;https://www.leychile.cl/Consulta/Navegar?idNorma=29764&idParte=0
LegislaciÛn Org·nica Procesal del Medio Ambiente;Ley 18122;MODIFICA DECRETO LEY N∞ 2.763  DE 1979  Y CREA EL SERVICIO DE SALUD DEL AMBIENTE EN LA REGION METROPOLITANA;17-MAY-1982;MINISTERIO DE SALUD P⁄BLICA;29546;0;https://www.leychile.cl/Consulta/Navegar?idNorma=29546&idParte=0
LegislaciÛn Org·nica Procesal del Medio Ambiente;Ley 20473;OTORGA  TRANSITORIAMENTE  LAS FACULTADES FISCALIZADORAS Y SANCIONADORAS QUE INDICA A LA COMISI”N SE—ALADA EN EL ARTÕCULO 86 DE LA LEY N∫ 19.300;13-NOV-2010;MINISTERIO DEL MEDIO AMBIENTE;1019312;0;https://www.leychile.cl/Consulta/Navegar?idNorma=1019312&idParte=0
LegislaciÛn Org·nica Procesal del Medio Ambiente;Ley 19300;Ley sobre Bases Generales del Medio Ambiente (TÌtulo II  De los Instrumentos de GestiÛn Ambiental  Arts. 6 a 50);09-MAR-1994;MINISTERIO SECRETARÕA GENERAL DE LA PRESIDENCIA;30667;8640076;https://www.leychile.cl/Consulta/Navegar?idNorma=30667&idParte=8640076
LegislaciÛn Org·nica Procesal del Medio Ambiente;Decreto 93;REGLAMENTO PARA LA DICTACION DE NORMAS DE CALIDAD AMBIENTAL Y DE EMISION;26-OCT-1995;MINISTERIO SECRETARÕA GENERAL DE LA PRESIDENCIA;9095;0;https://www.leychile.cl/Consulta/Navegar?idNorma=9095&idParte=0
LegislaciÛn Org·nica Procesal del Medio Ambiente;Decreto 94;REGLAMENTO QUE FIJA EL PROCEDIMIENTO Y ETAPAS PARA ESTABLECER PLANES DE PREVENCION Y DE DESCONTAMINACION;26-OCT-1995;MINISTERIO SECRETARÕA GENERAL DE LA PRESIDENCIA;9116;0;https://www.leychile.cl/Consulta/Navegar?idNorma=9116&idParte=0
LegislaciÛn Org·nica Procesal del Medio Ambiente;Decreto 95;MODIFICA REGLAMENTO DEL SISTEMA DE EVALUACION DE IMPACTO AMBIENTAL;07-DIC-2002;MINISTERIO SECRETARÕA GENERAL DE LA PRESIDENCIA;205385;0;https://www.leychile.cl/Consulta/Navegar?idNorma=205385&idParte=0
LegislaciÛn Org·nica Procesal del Medio Ambiente;Decreto con Fuerza de Ley 725;CÛdigo de Comercio (Art. 11);31-ENE-1968;MINISTERIO DE SALUD P⁄BLICA;5595;8655749;https://www.leychile.cl/Consulta/Navegar?idNorma=5595&idParte=8655749
LegislaciÛn Org·nica Procesal del Medio Ambiente;Decreto con Fuerza de Ley 1;Fija texto refundido  coordinado y sistematizado del Decreto Ley n∞ 2.763  de 1979 y de las Leyes N∞ 18.933 y n∞ 18.469 (Art.4);24-ABR-2006;MINISTERIO DE SALUD,  SUBSECRETARÕA DE SALUD P⁄BLICA;249177;8653801;https://www.leychile.cl/Consulta/Navegar?idNorma=249177&idParte=8653801
Aguas Marinas;Decreto 827;PROMULGA EL PROTOCOLO PARA LA CONSERVACION Y ADMINISTRACION DE LAS AREAS MARINAS Y COSTERAS PROTEGIDAS DEL PACIFICO SUDESTE;31-AGO-1995;MINISTERIO DE RELACIONES EXTERIORES;15815;0;https://www.leychile.cl/Consulta/Navegar?idNorma=15815&idParte=0
Aguas Marinas;Decreto 173;PROMULGA EL PROTOCOLO SOBRE COOPERACI”N  PREPARACI”N Y LUCHA CONTRA LOS SUCESOS DE CONTAMINACI”N POR SUSTANCIAS NOCIVAS Y POTENCIALMENTE PELIGROSAS Y SU ANEXO;27-MAR-2008;MINISTERIO DE RELACIONES EXTERIORES;270143;0;https://www.leychile.cl/Consulta/Navegar?idNorma=270143&idParte=0
Aguas Marinas;Decreto 174;PROMULGA EL PROTOCOLO DE 1997 QUE ENMIENDA EL CONVENIO INTERNACIONAL PARA PREVENIR LA CONTAMINACI”N POR LOS BUQUES  1973  MODIFICADO POR EL PROTOCOLO DE 1978  Y LAS ENMIENDAS AL ANEXO DEL PROTOCOLO DE 1978 RELATIVO AL ALUDIDO CONVENIO;27-MAR-2008;MINISTERIO DE RELACIONES EXTERIORES;270144;0;https://www.leychile.cl/Consulta/Navegar?idNorma=270144&idParte=0
Aguas Marinas;Decreto 656;PROMULGA PROTOCOLO COMPLEMENTARIO DEL ACUERDO SOBRE LA COOPERACION REGIONAL PARA EL COMBATE CONTRA LA CONTAMINACION DEL PACIFICO SUDESTE POR HIDROCARBUROS Y OTRAS SUSTANCIAS NOCIVAS;24-NOV-1986;MINISTERIO DE RELACIONES EXTERIORES;160797;0;https://www.leychile.cl/Consulta/Navegar?idNorma=160797&idParte=0
Aguas Marinas;Decreto 263;APRUEBA REGLAMENTO DE SANIDAD MARITIMA  AEREA Y DE LAS FRONTERAS;24-FEB-1986;MINISTERIO DE SALUD P⁄BLICA;11680;0;https://www.leychile.cl/Consulta/Navegar?idNorma=11680&idParte=0
Aguas Marinas;Decreto 432;APRUEBA LAS DECLARACIONES Y CONVENIOS ENTRE CHILE  PERU Y ECUADOR  CONCERTADOS EN LA PRIMERA CONFERENCIA SOBRE EXPLOTACION Y CONSERVCION DE LAS RIQUEZAS MARITIMAS DEL PACIFICO SUR;22-NOV-1954;MINISTERIO DE RELACIONES EXTERIORES;243696;0;https://www.leychile.cl/Consulta/Navegar?idNorma=243696&idParte=0
Aguas Marinas;Decreto 295;PROMULGA EL PROTOCOLO PARA LA PROTECCION DEL PACIFICO SUDESTE CONTRA LA CONTAMINACION PROVENIENTE DE FUENTES TERRESTRES Y SUS ANEXOS;19-JUN-1986;MINISTERIO DE RELACIONES EXTERIORES;12051;0;https://www.leychile.cl/Consulta/Navegar?idNorma=12051&idParte=0
Aguas Marinas;Decreto 1393;PROMULGA LA CONVENCION DE LAS NACIONES UNIDAS SOBRE EL DERECHO DEL MAR Y SUS ANEXOS Y EL ACUERDO RELATIVO A LA APLICACION DE LA PARTE XI DE DICHA CONVENCION Y SU ANEXO;18-NOV-1997;MINISTERIO DE RELACIONES EXTERIORES;77547;0;https://www.leychile.cl/Consulta/Navegar?idNorma=77547&idParte=0
Aguas Marinas;Decreto 1;REGLAMENTO PARA EL CONTROL DE LA CONTAMINACION ACUATICA;18-NOV-1992;MINISTERIO DE DEFENSA NACIONAL;7232;0;https://www.leychile.cl/Consulta/Navegar?idNorma=7232&idParte=0
Aguas Marinas;Decreto 720;PROMULGA EL PROTOCOLO PARA LA PROTECCION DEL PACIFICO SUDESTE CONTRA LA CONTAMINACION RADIACTIVA;17-AGO-1995;MINISTERIO DE RELACIONES EXTERIORES;15263;0;https://www.leychile.cl/Consulta/Navegar?idNorma=15263&idParte=0
Aguas Marinas;Decreto 296;PROMULGA EL CONVENIO PARA LA PROTECCION DEL MEDIO AMBIENTE Y LA ZONA COSTERA DEL PACIFICO SUDESTE;14-JUN-1986;MINISTERIO DE RELACIONES EXTERIORES;12060;0;https://www.leychile.cl/Consulta/Navegar?idNorma=12060&idParte=0
Aguas Marinas;Decreto 320;REGLAMENTO AMBIENTAL PARA LA ACUICULTURA;14-DIC-2001;MINISTERIO DE ECONOMÕA, FOMENTO Y RECONSTRUCCI”N,  SUBSECRETARIA DE PESCA;192512;0;https://www.leychile.cl/Consulta/Navegar?idNorma=192512&idParte=0
Aguas Marinas;Decreto 107;PROMULGA EL CONVENIO INTERNACIONAL SOBRE COOPERACION  PREPARACION Y LUCHA CONTRA LA CONTAMINACION POR HIDROCARBUROS  1990 Y SU ANEXO;14-ABR-1998;MINISTERIO DE RELACIONES EXTERIORES;97796;0;https://www.leychile.cl/Consulta/Navegar?idNorma=97796&idParte=0
Aguas Marinas;Decreto 476;PROMULGA EL CONVENIO SOBRE PREVENCIONI DE LA CONTAMINACION DEL MAR POR VERTIMIENTO DE DESECHOS Y OTRAS MATERIAS  CON SUS ANEXOS I  II Y III  DEL A—O 1972;11-OCT-1977;MINISTERIO DE RELACIONES EXTERIORES;265636;0;https://www.leychile.cl/Consulta/Navegar?idNorma=265636&idParte=0
Aguas Marinas;Decreto 425;PROMULGA EL ACUERDO SOBRE LA COOPERACION REGIONAL PARA EL COMBATE CONTRA LA CONTAMINACION DEL PACIFICO SUDESTE POR HIDROCARBUROS Y OTRAS SUSTANCIAS NOCIVAS EN CASOS DE EMERGENCIA  SUSCRITO EN LIMA  EL 12 DE NOVIEMBRE DE 1981;11-AGO-1986;MINISTERIO DE RELACIONES EXTERIORES;13254;0;https://www.leychile.cl/Consulta/Navegar?idNorma=13254&idParte=0
Aguas Marinas;Decreto 475;PROMULGA EL CONVENIO INTERNACIONAL SOBRE RESPONSABILIDAD CIVIL POR DA—OS CAUSADOS POR LA CONTAMINACION DE LAS AGUAS DEL MAR POR HIDROCARBUROS CON SU ANEXO DEL A—O 1969;08-OCT-1977;MINISTERIO DE RELACIONES EXTERIORES;265632;0;https://www.leychile.cl/Consulta/Navegar?idNorma=265632&idParte=0
Aguas Marinas;Decreto 90;ESTABLECE NORMA DE EMISION PARA LA REGULACION DE CONTAMINANTES ASOCIADOS A LAS DESCARGAS DE RESIDUOS LIQUIDOS A AGUAS MARINAS Y CONTINENTALES SUPERFICIALES;07-MAR-2001;MINISTERIO SECRETARÕA GENERAL DE LA PRESIDENCIA;182637;0;https://www.leychile.cl/Consulta/Navegar?idNorma=182637&idParte=0
Aguas Marinas;Decreto 144;ESTABLECE NORMAS DE CALIDAD PRIMARIA PARA LA PROTECCI”N DE LAS AGUAS MARINAS Y ESTUARINAS APTAS PARA ACTIVIDADES DE RECREACI”N CON CONTACTO DIRECTO;07-ABR-2009;MINISTERIO SECRETARÕA GENERAL DE LA PRESIDENCIA;1001042;0;https://www.leychile.cl/Consulta/Navegar?idNorma=1001042&idParte=0
Aguas Marinas;Decreto 102;APRUEBA EL REGLAMENTO DE PERMISOS PARA LA EXPLOTACION DE LAS RIQUEZAS DEL PACIFICO SUR;07-ABR-1956;MINISTERIO DE RELACIONES EXTERIORES,  SUBSECRETARÕA DE RELACIONES EXTERIORES;1026561;0;https://www.leychile.cl/Consulta/Navegar?idNorma=1026561&idParte=0
Aguas Marinas;Decreto 474;CONVENIO INTERNACIONAL PARA PREVENIR LA CONTAMINACI”N DE LAS AGUAS DEL MAR POR HIDROCARBUROS  DE 1954  CON SUS ENMIENDAS DE 1962 Y 1969  Y UN ANEXO SOBRE "LIBRO REGISTRO DE HIDROCARBUROS";06-OCT-1977;MINISTERIO DE RELACIONES EXTERIORES;400666;0;https://www.leychile.cl/Consulta/Navegar?idNorma=400666&idParte=0
Aguas Marinas;Decreto 358;PROMULGA EL CONVENIO INTERNACIONAL RELATIVO A LA INTERVENCION EN ALTA MAR EN CASOS DE ACCIDENTES QUE CAUSEN UNA CONTAMINACION POR HIDROCARBUROS  DE 1969  Y EL PROTOCOLO RELATIVO A LA INTERVENCION EN ALTA MAR EN CASOS DE CONTAMINACION POR SUSTANCIAS DISTINTAS DE LOS HIDROCARBUROS  DE 1973;03-JUN-1995;MINISTERIO DE RELACIONES EXTERIORES;12664;0;https://www.leychile.cl/Consulta/Navegar?idNorma=12664&idParte=0
Aguas Marinas;Decreto con Fuerza de Ley 292;APRUEBA LA LEY ORGANICA DE LA DIRECCION GENERAL DEL TERRITORIO MARITIMO Y DE MARINA MERCANTE;05-AGO-1953;MINISTERIO DE HACIENDA;5333;0;https://www.leychile.cl/Consulta/Navegar?idNorma=5333&idParte=0
Aguas Marinas;Decreto con Fuerza de Ley 208;Crea Consejo Consultivo de Pesca y Caza y dicta disposiciones en fomento de las actividades pesqueras nacionales (Art. 8);03-AGO-1953;MINISTERIO DE HACIENDA;5045;9033660;https://www.leychile.cl/Consulta/Navegar?idNorma=5045&idParte=9033660
Aguas Marinas;Decreto Ley 2222;Ley de NavegaciÛn (TÌtulo VIII  p·rrafo 4∞ Restos Na˙fragos  arts. 132 a 141);31-MAY-1978;MINISTERIO DE DEFENSA NACIONAL;6855;7404624;https://www.leychile.cl/Consulta/Navegar?idNorma=6855&idParte=7404624
Aguas Continentales;Ley 20411;IMPIDE LA CONSTITUCI”N DE DERECHOS DE APROVECHAMIENTO DE AGUAS EN VIRTUD DEL ARTÕCULO 4∞ TRANSITORIO DE LA LEY 20.017 DE 2005  EN DETERMINADAS ZONAS O ¡REAS;29-DIC-2009;MINISTERIO DE OBRAS P⁄BLICAS,  SUBSECRETARÕA DE OBRAS P⁄BLICAS;1009682;0;https://www.leychile.cl/Consulta/Navegar?idNorma=1009682&idParte=0
Aguas Continentales;Ley 11402;Dispone que las obras de defensa y regularizaciÛn de las riberas y cauces de los rÌos  lagunas y esteros que se realicen con participaciÛn fiscal  solamente podr·n ser ejecutadas y proyectadas por la direcciÛn de obras sanitarias del Ministerio de Obras P˙blicas (Art. 11);16-DIC-1953;MINISTERIO DE OBRAS P⁄BLICAS;26654;8845175;https://www.leychile.cl/Consulta/Navegar?idNorma=26654&idParte=8845175
Aguas Continentales;Ley 18248;CÛdigo de MinerÌa (Art. 17  N∞ 1);14-OCT-1983;MINISTERIO DE MINERIA;29668;8680741;https://www.leychile.cl/Consulta/Navegar?idNorma=29668&idParte=8680741
Aguas Continentales;Decreto 236;REGLAMENTO GENERAL DE ALCANTARILLADOS PARTICULARES   FOSAS SEPTICAS  CAMARAS FILTRANTES  CAMARAS DE CONTACTO  CAMARAS ABSORBENTES Y LETRINAS DOMICILIARIAS.;23-MAY-1926;MINISTERIO DE HIGIENE,  ASISTENCIA,  MINISTERIO DE HIGIENE, ASISTENCIA, PREVISI”N Y TRABAJO;171085;0;https://www.leychile.cl/Consulta/Navegar?idNorma=171085&idParte=0
Aguas Continentales;Decreto 609;ESTABLECE NORMA DE EMISION PARA LA REGULACION DE CONTAMINANTES ASOCIADOS A LAS DESCARGAS DE RESIDUOS INDUSTRIALES LIQUIDOS A SISTEMAS DE ALCANTARILLADO;20-JUL-1998;MINISTERIO DE OBRAS P⁄BLICAS;121486;0;https://www.leychile.cl/Consulta/Navegar?idNorma=121486&idParte=0
Aguas Continentales;Decreto 735;REGLAMENTO DE LOS SERVICIOS DE AGUA DESTINADOS AL CONSUMO HUMANO;19-DIC-1969;MINISTERIO DE SALUD P⁄BLICA;197226;0;https://www.leychile.cl/Consulta/Navegar?idNorma=197226&idParte=0
Aguas Continentales;Decreto 357;REGLAMENTO GENERAL DE CEMENTERIOS;18-JUN-1970;MINISTERIO DE SALUD;12643;0;https://www.leychile.cl/Consulta/Navegar?idNorma=12643&idParte=0
Aguas Continentales;Decreto 46;ESTABLECE NORMA DE EMISION DE RESIDUOS LIQUIDOS A AGUAS SUBTERRANEAS;17-ENE-2003;MINISTERIO SECRETARÕA GENERAL DE LA PRESIDENCIA;206883;0;https://www.leychile.cl/Consulta/Navegar?idNorma=206883&idParte=0
Aguas Continentales;Decreto 67;PROMULGA EL TRATADO CON ARGENTINA SOBRE MEDIO AMBIENTE Y SUS PROTOCOLOS ESPECIFICOS ADICIONALES SOBRE PROTECCION DEL MEDIO AMBIENTE ANTARTICO Y RECURSOS HIDRICOS COMPARTIDOS  SUSCRITO EL 2 DE AGOSTO DE 1991;14-ABR-1993;MINISTERIO DE RELACIONES EXTERIORES;8593;0;https://www.leychile.cl/Consulta/Navegar?idNorma=8593&idParte=0
Aguas Continentales;Decreto 1199;APRUEBA EL REGLAMENTO DE LAS CONCESIONES SANITARIAS DE PRODUCCION Y DISTRIBUCION DE AGUA POTABLE Y DE RECOLECCION Y DISPOSICION DE AGUAS SERVIDAS Y DE LAS NORMAS SOBRE CALIDAD DE ATENCION A LOS USUARIOS DE ESTOS SERVICIOS;09-NOV-2005;MINISTERIO DE OBRAS P⁄BLICAS;243794;0;https://www.leychile.cl/Consulta/Navegar?idNorma=243794&idParte=0
Aguas Continentales;ResoluciÛn 425;DEJA SIN EFECTO RESOLUCI”N D.G.A. N∫ 341  DE 2005  Y ESTABLECE NUEVO TEXTO DE RESOLUCI”N QUE DISPONE NORMAS DE EXPLORACI”N Y EXPLOTACI”N DE AGUAS SUBTERR¡NEAS;16-ABR-2008;MINISTERIO DE OBRAS P⁄BLICAS,  DIRECCI”N GENERAL DE AGUAS;270521;0;https://www.leychile.cl/Consulta/Navegar?idNorma=270521&idParte=0
Aguas Continentales;Decreto con Fuerza de Ley 725;CÛdigo Sanitario (Libro II p·rrafo I  De las Aguas y sus Usos Sanitarios  Arts. 69 a 76 );31-ENE-1968;MINISTERIO DE SALUD P⁄BLICA;5595;8655822;https://www.leychile.cl/Consulta/Navegar?idNorma=5595&idParte=8655822
Aguas Continentales;Decreto con Fuerza de Ley 1122;CÛdigo de Aguas (Art. 63 incs. 3∞ y 4∞);29-OCT-1981;MINISTERIO DE JUSTICIA;5605;8628021;https://www.leychile.cl/Consulta/Navegar?idNorma=5605&idParte=8628021
Aguas Continentales;Decreto con Fuerza de Ley 850;Fija el texto refundido  coordinado y sistematizado de la Ley N∫ 15.840  de 1964 y del D.F.L. N∫ 206  de 1960. (Art. 36);25-FEB-1998;MINISTERIO DE OBRAS P⁄BLICAS;97993;7232181;https://www.leychile.cl/Consulta/Navegar?idNorma=97993&idParte=7232181
Aguas Continentales;Decreto con Fuerza de Ley 382;Ley General de Servicios Sanitarios (Art. 45);21-JUN-1989;MINISTERIO DE OBRAS P⁄BLICAS;5545;9146591;https://www.leychile.cl/Consulta/Navegar?idNorma=5545&idParte=9146591
Aguas Continentales;Decreto con Fuerza de Ley 1;Normas que requieren autorizaciÛn sanitaria expresa. (Art. 1 N∞s. 22  23 24  49);21-FEB-1990;MINISTERIO DE SALUD;3439;7112932;https://www.leychile.cl/Consulta/Navegar?idNorma=3439&idParte=7112932
Aguas Continentales;Decreto Ley 3557;Establece disposiciones sobre ProtecciÛn AgrÌcola (Art. 11);09-FEB-1981;MINISTERIO DE AGRICULTURA;7178;8629157;https://www.leychile.cl/Consulta/Navegar?idNorma=7178&idParte=8629157
Aire;Ley 20096;Establece mecanismos de control aplicables a las sustancias agotadoras de la capa de ozono;23-MAR-2006;MINISTERIO SECRETARÕA GENERAL DE LA PRESIDENCIA;248323;0;https://www.leychile.cl/Consulta/Navegar?idNorma=248323&idParte=0
Aire;Ley 19300;Ley sobre Bases Generales del Medio Ambiente (TÌtulo II  De los Instrumentos de GestiÛn Ambiental  Art. 48);09-MAR-1994;MINISTERIO SECRETARÕA GENERAL DE LA PRESIDENCIA;30667;8640124;https://www.leychile.cl/Consulta/Navegar?idNorma=30667&idParte=8640124
Aire;Decreto 238;PROMULGA PROTOCOLO DE MONTREAL RELATIVO A LAS SUSTANCIAS AGOTADORAS DE LA CAPA DE OZONO  DE 16 DE SEPTIEMBRE DE 1987;28-ABR-1990;MINISTERIO DE RELACIONES EXTERIORES;11389;0;https://www.leychile.cl/Consulta/Navegar?idNorma=11389&idParte=0
Aire;Decreto 59;ESTABLECE NORMA DE CALIDAD PRIMARIA PARA MATERIAL PARTICULADO RESPIRABLE MP10  EN ESPECIAL DE LOS VALORES QUE DEFINEN SITUACIONES DE EMERGENCIA;25-MAY-1998;MINISTERIO SECRETARÕA GENERAL DE LA PRESIDENCIA,  COMISI”N NACIONAL DEL MEDIO AMBIENTE;99434;0;https://www.leychile.cl/Consulta/Navegar?idNorma=99434&idParte=0
Aire;Decreto 13;ESTABLECE NORMA DE EMISI”N PARA CENTRALES TERMOEL…CTRICAS;23-JUN-2011;MINISTERIO DEL MEDIO AMBIENTE;1026808;0;https://www.leychile.cl/Consulta/Navegar?idNorma=1026808&idParte=0
Aire;Decreto 61;APRUEBA REGLAMENTO DE ESTACIONES DE MEDICI”N DE CONTAMINANTES ATMOSF…RICOS;19-NOV-2008;MINISTERIO DE SALUD,  SUBSECRETARÕA DE SALUD P⁄BLICA;281728;0;https://www.leychile.cl/Consulta/Navegar?idNorma=281728&idParte=0
Aire;Decreto 144;ESTABLECE NORMAS PARA EVITAR EMANACIONES O CONTAMINANTES ATMOSFERICOS DE CUALQUIERA NATURALEZA;18-MAY-1961;MINISTERIO DE SALUD;9981;0;https://www.leychile.cl/Consulta/Navegar?idNorma=9981&idParte=0
Aire;Decreto 2467;APRUEBA REGLAMENTO DE LABORATORIOS DE MEDICION Y ANALISIS DE EMISIONES ATMOSFERICAS PROVENIENTES DE FUENTES ESTACIONARIAS;18-FEB-1994;MINISTERIO DE SALUD;19019;0;https://www.leychile.cl/Consulta/Navegar?idNorma=19019&idParte=0
Aire;Decreto 138;ESTABLECE OBLIGACION DE DECLARAR EMISIONES QUE INDICA;17-NOV-2005;MINISTERIO DE SALUD,  SUBSECRETARÕA DE SALUD P⁄BLICA;244118;0;https://www.leychile.cl/Consulta/Navegar?idNorma=244118&idParte=0
Aire;Decreto 349;PROMULGA EL PROTOCOLO DE KYOTO DE LA CONVENCION MARCO DE LAS NACIONES UNIDAS SOBRE EL CAMBIO CLIMATICO Y SUS ANEXOS A Y B;16-FEB-2005;MINISTERIO DE RELACIONES EXTERIORES;235585;0;https://www.leychile.cl/Consulta/Navegar?idNorma=235585&idParte=0
Aire;Decreto 185;REGLAMENTA FUNCIONAMIENTO DE ESTABLECIMIENTOS EMISORES DE ANHIDRIDO SULFUROSO  MATERIAL PARTICULADO Y ARSENICO EN TODO EL TERRITORIO DE LA REPUBLICA;16-ENE-1992;MINISTERIO DE MINERÕA;10631;0;https://www.leychile.cl/Consulta/Navegar?idNorma=10631&idParte=0
Aire;Decreto 22;ESTABLECE NORMA DE CALIDAD SECUNDARIA DE AIRE PARA ANHÕDRIDO SULFUROSO (SO2);16-ABR-2010;MINISTERIO SECRETARÕA GENERAL DE LA PRESIDENCIA;1012498;0;https://www.leychile.cl/Consulta/Navegar?idNorma=1012498&idParte=0
Aire;Decreto 66;REVISA  REFORMULA Y ACTUALIZA PLAN DE PREVENCI√ìN Y DESCONTAMINACI√ìN ATMOSF√âRICA PARA LA REGI√ìN METROPOLITANA (PPDA);16-ABR-2010;MINISTERIO SECRETARÕA GENERAL DE LA PRESIDENCIA;1012499;0;https://www.leychile.cl/Consulta/Navegar?idNorma=1012499&idParte=0
Aire;Decreto 55;ESTABLECE NORMAS DE EMISION APLICABLES A VEHICULOS MOTORIZADOS PESADOS QUE INDICA;16-ABR-1994;MINISTERIO DE TRANSPORTES Y TELECOMUNICACIONES;8364;0;https://www.leychile.cl/Consulta/Navegar?idNorma=8364&idParte=0
Aire;Decreto 104;ESTABLECE NORMA DE EMISION PARA MOTOCICLETAS;15-SEP-2000;MINISTERIO DE TRANSPORTES Y TELECOMUNICACIONES,  SUBSECRETARIA DE TRANSPORTES;175406;0;https://www.leychile.cl/Consulta/Navegar?idNorma=175406&idParte=0
Aire;Decreto 123;PROMULGA LA CONVENCION MARCO DE LAS NACIONES UNIDAS SOBRE EL CAMBIO CLIMATICO;13-ABR-1995;MINISTERIO DE RELACIONES EXTERIORES;9635;0;https://www.leychile.cl/Consulta/Navegar?idNorma=9635&idParte=0
Aire;Decreto 115;ESTABLECE NORMA PRIMARIA DE CALIDAD DE AIRE PARA MONOXIDO DE CARBONO (CO);10-SEP-2002;MINISTERIO SECRETARÕA GENERAL DE LA PRESIDENCIA;202437;0;https://www.leychile.cl/Consulta/Navegar?idNorma=202437&idParte=0
Aire;Decreto 12;ESTABLECE NORMA PRIMARIA DE CALIDAD AMBIENTAL PARA MATERIAL PARTICULADO FINO RESPIRABLE MP 2 5;09-MAY-2011;MINISTERIO DEL MEDIO AMBIENTE;1025202;0;https://www.leychile.cl/Consulta/Navegar?idNorma=1025202&idParte=0
Aire;Decreto 719;PROMULGA EL CONVENIO DE VIENA PARA LA PROTECCION DE LA CAPA DE OZONO Y SUS ANEXOS I Y II;08-MAR-1990;MINISTERIO DE RELACIONES EXTERIORES;15251;0;https://www.leychile.cl/Consulta/Navegar?idNorma=15251&idParte=0
Aire;Decreto 114;ESTABLECE NORMA PRIMARIA DE CALIDAD DE AIRE PARA DIOXIDO DE NITROGENO (NO2);06-MAR-2003;MINISTERIO SECRETARÕA GENERAL DE LA PRESIDENCIA;208185;0;https://www.leychile.cl/Consulta/Navegar?idNorma=208185&idParte=0
Aire;Decreto 110;DEJA SIN EFECTO NORMA PRIMARIA DE CALIDAD DE AIRE PARA PARTICULAS TOTALES EN SUSPENSION (PTS);06-MAR-2003;MINISTERIO SECRETARÕA GENERAL DE LA PRESIDENCIA;208197;0;https://www.leychile.cl/Consulta/Navegar?idNorma=208197&idParte=0
Aire;Decreto 112;ESTABLECE NORMA PRIMARIA DE CALIDAD DE AIRE PARA OZONO (O3);06-MAR-2003;MINISTERIO SECRETARÕA GENERAL DE LA PRESIDENCIA;208198;0;https://www.leychile.cl/Consulta/Navegar?idNorma=208198&idParte=0
Aire;Decreto 113;ESTABLECE NORMA PRIMARIA DE CALIDAD DE AIRE PARA DIOXIDO DE AZUFRE (SO2);06-MAR-2003;MINISTERIO SECRETARÕA GENERAL DE LA PRESIDENCIA;208200;0;https://www.leychile.cl/Consulta/Navegar?idNorma=208200&idParte=0
Aire;Decreto 136;ESTABLECE NORMA DE CALIDAD PRIMARIA PARA PLOMO EN EL AIRE;06-ENE-2001;MINISTERIO SECRETARÕA GENERAL DE LA PRESIDENCIA;179878;0;https://www.leychile.cl/Consulta/Navegar?idNorma=179878&idParte=0
Aire;Decreto 45;ESTABLECE NORMA DE EMISI”N PARA INCINERACI”N Y COINCINERACI”N;05-OCT-2007;MINISTERIO SECRETARÕA GENERAL DE LA PRESIDENCIA;265301;0;https://www.leychile.cl/Consulta/Navegar?idNorma=265301&idParte=0
Aire;Decreto 54;ESTABLECE NORMAS DE EMISION APLICABLES A VEHICULOS MOTORIZADOS MEDIANOS QUE INDICA;03-MAY-1994;MINISTERIO DE TRANSPORTES Y TELECOMUNICACIONES;8349;0;https://www.leychile.cl/Consulta/Navegar?idNorma=8349&idParte=0
Aire;Decreto 4;ESTABLECE NORMA DE EMISION DE MATERIAL PARTICULADO A FUENTES ESTACIONARIAS PUNTUALES Y GRUPALES;02-MAR-1992;MINISTERIO DE SALUD;7303;0;https://www.leychile.cl/Consulta/Navegar?idNorma=7303&idParte=0
Aire;Decreto 165;ESTABLECE NORMA DE EMISION PARA LA REGULACION DEL CONTAMINANTE ARSENICO EMITIDO AL AIRE;02-JUN-1999;MINISTERIO SECRETARÕA GENERAL DE LA PRESIDENCIA;137269;0;https://www.leychile.cl/Consulta/Navegar?idNorma=137269&idParte=0
Aire;ResoluciÛn 1215;Normas sanitarias mÌnimas destinadas a prevenir y controlar la contaminaciÛn atmosfÈrica;;MINISTERIO DE SALUD;1029027;0;https://www.leychile.cl/Consulta/Navegar?idNorma=1029027&idParte=0
Aire;Decreto con Fuerza de Ley 725;CÛdigo Sanitario (Art. 89);31-ENE-1968;MINISTERIO DE SALUD P⁄BLICA;5595;8655846;https://www.leychile.cl/Consulta/Navegar?idNorma=5595&idParte=8655846
Aire;Decreto con Fuerza de Ley 1;CÛdigo Civil (Art. 937);30-MAY-2000;MINISTERIO DE JUSTICIA;172986;8718828;https://www.leychile.cl/Consulta/Navegar?idNorma=172986&idParte=8718828
Aire;Decreto con Fuerza de Ley 1;Ley de Tr·nsito (Art. 78);29-OCT-2009;MINISTERIO DE TRANSPORTES Y TELECOMUNICACIONES,  SUBSECRETARÕA DE TRANSPORTES,  MINISTERIO DE JUSTICIA,  SUBSECRETARÕA DE JUSTICIA;1007469;8795171;https://www.leychile.cl/Consulta/Navegar?idNorma=1007469&idParte=8795171
Aire;Decreto Ley 3557;Establece disposiciones sobre ProtecciÛn AgrÌcola (Art.11);09-FEB-1981;MINISTERIO DE AGRICULTURA;7178;8629157;https://www.leychile.cl/Consulta/Navegar?idNorma=7178&idParte=8629157
Ruido;Decreto 594;APRUEBA REGLAMENTO SOBRE CONDICIONES SANITARIAS Y AMBIENTALES BASICAS EN LOS LUGARES DE TRABAJO;29-ABR-2000;MINISTERIO DE SALUD;167766;0;https://www.leychile.cl/Consulta/Navegar?idNorma=167766&idParte=0
Ruido;Decreto 146;ESTABLECE NORMA DE EMISION DE RUIDOS MOLESTOS GENERADOS POR FUENTES FIJAS  ELABORADA A PARTIR DE LA REVISION DE LA NORMA DE EMISION CONTENIDA EN EL DECRETO N∫ 286  DE 1984  DEL MINISTERIO DE SALUD;17-ABR-1998;MINISTERIO SECRETARÕA GENERAL DE LA PRESIDENCIA,  COMISI”N NACIONAL DEL MEDIO AMBIENTE;98096;0;https://www.leychile.cl/Consulta/Navegar?idNorma=98096&idParte=0
Ruido;Decreto 458;Ley General de Urbanismo y Construcciones (Art. 160);13-ABR-1976;MINISTERIO DE VIVIENDA Y URBANISMO;13560;8632276;https://www.leychile.cl/Consulta/Navegar?idNorma=13560&idParte=8632276
Ruido;Decreto 38;ESTABLECE NORMA DE EMISI√ìN DE RUIDOS GENERADOS POR FUENTES QUE INDICA  ELABORADA A PARTIR DE LA REVISI√ìN DEL DECRETO N¬∫ 146  DE 1997  DEL MINISTERIO SECRETAR√çA GENERAL DE LA PRESIDENCIA;12-JUN-2012;MINISTERIO DEL MEDIO AMBIENTE;1040928;0;https://www.leychile.cl/Consulta/Navegar?idNorma=1040928&idParte=0
Ruido;Decreto 129;ESTABLECE NORMA DE EMISION DE RUIDOS PARA BUSES DE LOCOMOCION COLECTIVA URBANA Y RURAL;07-FEB-2003;MINISTERIO DE TRANSPORTES Y TELECOMUNICACIONES,  SUBSECRETARIA DE TRANSPORTES;207430;0;https://www.leychile.cl/Consulta/Navegar?idNorma=207430&idParte=0
Ruido;Decreto 47;FIJA NUEVO TEXTO DE LA ORDENANZA GENERAL DE LA LEY GENERAL DE URBANISMO Y CONSTRUCCIONES;05-JUN-1992;MINISTERIO DE VIVIENDA Y URBANISMO;8201;0;https://www.leychile.cl/Consulta/Navegar?idNorma=8201&idParte=0
Ruido;Decreto 253;DECLARA NORMA OFICIAL DE LA REPUBLICA DE CHILE LA NORMA QUE INDICA;04-OCT-1979;MINISTERIO DE SALUD P⁄BLICA;262114;0;https://www.leychile.cl/Consulta/Navegar?idNorma=262114&idParte=0
Ruido;Decreto con Fuerza de Ley 725;CÛdigo Sanitario (Art. 89);31-ENE-1968;MINISTERIO DE SALUD P⁄BLICA;5595;8655846;https://www.leychile.cl/Consulta/Navegar?idNorma=5595&idParte=8655846
Ruido;Decreto con Fuerza de Ley 1;Ley de Tr·nsito (Art. 77);29-OCT-2009;MINISTERIO DE TRANSPORTES Y TELECOMUNICACIONES,  SUBSECRETARÕA DE TRANSPORTES,  MINISTERIO DE JUSTICIA,  SUBSECRETARÕA DE JUSTICIA;1007469;8795170;https://www.leychile.cl/Consulta/Navegar?idNorma=1007469&idParte=8795170
Luz;Decreto 686;ESTABLECE NORMA DE EMISION PARA LA REGULACION DE LA CONTAMINACION LUMINICA;02-AGO-1999;MINISTERIO DE ECONOMÕA, FOMENTO Y RECONSTRUCCI”N,  SUBSECRETARIA DE ECONOMIA, FOMENTO Y ECONSTRUCCION;139923;0;https://www.leychile.cl/Consulta/Navegar?idNorma=139923&idParte=0
Olores;Decreto 37;ESTABLECE NORMA DE EMISI√ìN DE COMPUESTOS TRS  GENERADORES DE OLOR  ASOCIADOS A LA FABRICACI√ìN DE PULPA KRAFT O AL SULFATO  ELABORADA A PARTIR DE LA REVISI√ìN DEL DECRETO N¬∫ 167  DE 1999  MINSEGPRES  QUE ESTABLECE NORMA DE EMISI√ìN PARA OLORES MOLESTOS (COMPUESTOS SULFURO DE HIDR√ìGENO Y MERCAPTANOS: GASES TRS) ASOCIADOS A LA FABRICACI√ìN DE PULPA SULFATADA;22-MAR-2013;MINISTERIO DEL MEDIO AMBIENTE;1049596;0;https://www.leychile.cl/Consulta/Navegar?idNorma=1049596&idParte=0
Olores;Decreto 458;Ley General de Urbanismo y Construcciones (Art. 162);13-ABR-1976;MINISTERIO DE VIVIENDA Y URBANISMO;13560;8632278;https://www.leychile.cl/Consulta/Navegar?idNorma=13560&idParte=8632278
Olores;Decreto 167;ESTABLECE NORMA DE EMISION PARA OLORES MOLESTOS (COMPUESTOS SULFURO DE HIDROGENO Y MERCAPTANOS: GASES TRS) ASOCIADOS A LA FABRICACION DE PULPA SULFATADA;01-ABR-2000;MINISTERIO SECRETARÕA GENERAL DE LA PRESIDENCIA;163726;0;https://www.leychile.cl/Consulta/Navegar?idNorma=163726&idParte=0
Olores;ResoluciÛn 1215;Normas sanitarias mÌnimas destinadas a prevenir y controlar la contaminaciÛn atmosfÈrica (Art. 17);;MINISTERIO DE SALUD;1029027;9175463;https://www.leychile.cl/Consulta/Navegar?idNorma=1029027&idParte=9175463
Olores;Decreto con Fuerza de Ley 725;CÛdigo Sanitario (Art. 89);31-ENE-1968;MINISTERIO DE SALUD P⁄BLICA;5595;8655846;https://www.leychile.cl/Consulta/Navegar?idNorma=5595&idParte=8655846
ProtecciÛn del Suelo;Ley 18378;DEROGA LA LEY N∞ 15.020 Y EL DECRETO CON FUERZA DE LEY N∞ R.R.A. 26  DE 1963  Y ESTABLECE SANCIONES QUE SE—ALA;29-DIC-1984;MINISTERIO DE AGRICULTURA;29793;0;https://www.leychile.cl/Consulta/Navegar?idNorma=29793&idParte=0
ProtecciÛn del Suelo;Ley 11402;Dispone que las obras de defensa y regularizaciÛn de las riberas y cauces de los rÌos  lagunas y esteros que se realicen con participaciÛn fiscal  solamente podr·n ser ejecutadas y proyectadas por la direcciÛn de obras sanitarias del Ministerio de Obras P˙blicas (Art. 11);16-DIC-1953;MINISTERIO DE OBRAS P⁄BLICAS;26654;8845175;https://www.leychile.cl/Consulta/Navegar?idNorma=26654&idParte=8845175
ProtecciÛn del Suelo;Ley 20551;REGULA EL CIERRE DE FAENAS E INSTALACIONES MINERAS;11-NOV-2011;MINISTERIO DE MINERÕA;1032158;0;https://www.leychile.cl/Consulta/Navegar?idNorma=1032158&idParte=0
ProtecciÛn del Suelo;Ley 19300;Ley sobre Bases Generales del Medio Ambiente (TÌtulo II  De los Instrumentos de GestiÛn Ambiental  Art. 39);09-MAR-1994;MINISTERIO SECRETARÕA GENERAL DE LA PRESIDENCIA;30667;8640113;https://www.leychile.cl/Consulta/Navegar?idNorma=30667&idParte=8640113
ProtecciÛn del Suelo;Ley 20412;ESTABLECE UN SISTEMA DE INCENTIVOS PARA LA SUSTENTABILIDAD AGROAMBIENTAL DE LOS SUELOS AGROPECUARIOS;09-FEB-2010;MINISTERIO DE AGRICULTURA;1010857;0;https://www.leychile.cl/Consulta/Navegar?idNorma=1010857&idParte=0
ProtecciÛn del Suelo;Decreto 2065;PROMULGA LA CONVENCION DE LAS NACIONES UNIDAS DE LUCHA CONTRA LA DESERTIFICACION EN LOS PAISES AFECTADOS POR SEQUIA GRAVE O DESERTIFICACION  EN PARTICULAR EN AFRICA;13-FEB-1998;MINISTERIO DE RELACIONES EXTERIORES;96299;0;https://www.leychile.cl/Consulta/Navegar?idNorma=96299&idParte=0
ProtecciÛn del Suelo;Decreto 248;APRUEBA REGLAMENTO PARA LA APROBACION DE PROYECTOS DE DISE—O  CONSTRUCCION  OPERACION Y CIERRE DE LOS DEPOSITOS DE RELAVES;11-ABR-2007;MINISTERIO DE MINERÕA;259901;0;https://www.leychile.cl/Consulta/Navegar?idNorma=259901&idParte=0
ProtecciÛn del Suelo;Decreto con Fuerza de Ley 725;CÛdigo Sanitario (Art. 77);31-ENE-1968;MINISTERIO DE SALUD P⁄BLICA;5595;8655831;https://www.leychile.cl/Consulta/Navegar?idNorma=5595&idParte=8655831
ProtecciÛn del Suelo;Decreto con Fuerza de Ley 850;Fija el texto refundido  coordinado y sistematizado de la Ley N∫ 15.840  de 1964 y del D.F.L. N∫ 206  de 1960. (Art. 36);25-FEB-1998;MINISTERIO DE OBRAS P⁄BLICAS;97993;7232181;https://www.leychile.cl/Consulta/Navegar?idNorma=97993&idParte=7232181
ProtecciÛn del Suelo;Decreto con Fuerza de Ley 235;ESTABLECE SISTEMA DE INCENTIVOS PARA LA RECUPERACION DE SUELOS DEGRADADOS;15-NOV-1999;MINISTERIO DE AGRICULTURA;147689;0;https://www.leychile.cl/Consulta/Navegar?idNorma=147689&idParte=0
ProtecciÛn del Suelo;Decreto Ley 3557;Establece disposiciones sobre ProtecciÛn AgrÌcola (Art. 11);09-FEB-1981;MINISTERIO DE AGRICULTURA;7178;8629157;https://www.leychile.cl/Consulta/Navegar?idNorma=7178&idParte=8629157
Ordenamiento Territorial;Ley 18248;CÛdigo de MinerÌa (Art. 17  N∞ 1);14-OCT-1983;MINISTERIO DE MINERIA;29668;8680741;https://www.leychile.cl/Consulta/Navegar?idNorma=29668&idParte=8680741
Ordenamiento Territorial;Decreto 458;Ley General de Urbanismo y Construcciones;13-ABR-1976;MINISTERIO DE VIVIENDA Y URBANISMO;13560;0;https://www.leychile.cl/Consulta/Navegar?idNorma=13560&idParte=0
Ordenamiento Territorial;Decreto 475;ESTABLECE POLITICA NACIONAL DE USO DEL BORDE COSTERO DEL LITORAL DE LA REPUBLICA  Y CREA COMISION NACIONAL QUE INDICA;11-ENE-1995;MINISTERIO DE DEFENSA NACIONAL;13662;0;https://www.leychile.cl/Consulta/Navegar?idNorma=13662&idParte=0
Ordenamiento Territorial;Decreto 47;FIJA NUEVO TEXTO DE LA ORDENANZA GENERAL DE LA LEY GENERAL DE URBANISMO Y CONSTRUCCIONES;05-JUN-1992;MINISTERIO DE VIVIENDA Y URBANISMO;8201;0;https://www.leychile.cl/Consulta/Navegar?idNorma=8201&idParte=0
Ordenamiento Territorial;ResoluciÛn 21 EXENTA;ESTABLECE CRITERIOS PARA LA DETERMINACION DE SUELOS DE ALTA PRIORIDAD AGRICOLA EN LAS AREAS DEFINIDAS COMO INTERES SILVOAGROPECUARIO EN EL PLAN REGULADORMETROPOLITANO DE SANTIAGO;03-MAR-2004;MINISTERIO DE AGRICULTURA,  SECRETARIA REGIONAL MINISTERIAL REGION METROPOLITANA;221930;0;https://www.leychile.cl/Consulta/Navegar?idNorma=221930&idParte=0
Ordenamiento Territorial;Decreto con Fuerza de Ley 725;CÛdigo Sanitario (Art. 77);31-ENE-1968;MINISTERIO DE SALUD P⁄BLICA;5595;8655831;https://www.leychile.cl/Consulta/Navegar?idNorma=5595&idParte=8655831
EnergÌas;Ley 20365;ESTABLECE FRANQUICIA TRIBUTARIA RESPECTO DE SISTEMAS SOLARES T…RMICOS;19-AGO-2009;MINISTERIO DE HACIENDA;1005169;0;https://www.leychile.cl/Consulta/Navegar?idNorma=1005169&idParte=0
EnergÌas;Ley 19657;SOBRE CONCESIONES DE ENERGIA GEOTERMICA;07-ENE-2000;MINISTERIO DE MINERÕA;150669;0;https://www.leychile.cl/Consulta/Navegar?idNorma=150669&idParte=0
EnergÌas;Ley 20402;CREA EL MINISTERIO DE ENERGÕA  ESTABLECIENDO MODIFICACIONES AL DL N∫ 2.224  DE 1978 Y A OTROS CUERPOS LEGALES;03-DIC-2009;MINISTERIO DE MINERÕA,  SUBSECRETARÕA DE MINERÕA;1008692;0;https://www.leychile.cl/Consulta/Navegar?idNorma=1008692&idParte=0
EnergÌas;Decreto 32;APRUEBA REGLAMENTO PARA LA APLICACION DE LA LEY N∫ 19.657  SOBRE CONCESIONES DE EXPLORACION Y EXPLOTACION DE ENERGIA GEOTERMICA;28-OCT-2004;MINISTERIO DE MINERÕA;231837;0;https://www.leychile.cl/Consulta/Navegar?idNorma=231837&idParte=0
EnergÌas;Decreto 331;APRUEBA REGLAMENTO DE LA LEY N∫ 20.365  QUE ESTABLECE FRANQUICIA TRIBUTARIA RESPECTO DE SISTEMAS SOLARES T…RMICOS;26-MAY-2010;MINISTERIO DE ENERGÕA;1013622;0;https://www.leychile.cl/Consulta/Navegar?idNorma=1013622&idParte=0
EnergÌas;Decreto 244;APRUEBA REGLAMENTO PARA MEDIOS DE GENERACION NO CONVENCIONALES Y PEQUE—OS MEDIOS DE GENERACION ESTABLECIDOS EN LA LEY GENERAL DE SERVICIOS ELECTRICOS;17-ENE-2006;MINISTERIO DE ECONOMÕA, FOMENTO Y RECONSTRUCCI”N,  SUBSECRETARIA DE ECONOMIA, FOMENTO Y RECONSTRUCCION;246461;0;https://www.leychile.cl/Consulta/Navegar?idNorma=246461&idParte=0
EnergÌas;Decreto 336;CREA COMISION DEL PROGRAMA PAIS DE EFICIENCIA ENERGETICA;12-ABR-2006;MINISTERIO DE ECONOMÕA,  FOMENTO Y RECONSTRUCCION,  SUBSECRETARIA DE ECONOMIA,  FOMENTO Y RECONSTRUCCION;248851;0;https://www.leychile.cl/Consulta/Navegar?idNorma=248851&idParte=0
EnergÌas;Decreto con Fuerza de Ley 4;Ley General de Servicios ElÈctricos  en materia de EnergÌa ElÈctrica (Art. 79);05-FEB-2007;MINISTERIO DE ECONOMÕA, FOMENTO Y RECONSTRUCCI”N,  SUBSECRETARIA DE ECONOMIA, FOMENTO Y ECONSTRUCCION;258171;8721754;https://www.leychile.cl/Consulta/Navegar?idNorma=258171&idParte=8721754
Bosques y Flora Silvestre;Ley 20283;LEY SOBRE RECUPERACI”N DEL BOSQUE NATIVO Y FOMENTO FORESTAL;30-JUL-2008;MINISTERIO DE AGRICULTURA;274894;0;https://www.leychile.cl/Consulta/Navegar?idNorma=274894&idParte=0
Bosques y Flora Silvestre;Ley 18097;LEY ORGANICA CONSTITUCIONAL SOBRE CONCESIONES MINERAS;21-ENE-1982;MINISTERIO DE MINERÕA;29522;0;https://www.leychile.cl/Consulta/Navegar?idNorma=29522&idParte=0
Bosques y Flora Silvestre;Ley 11402;Dispone que las obras de defensa y regularizaciÛn de las riberas y cauces de los rÌos  lagunas y esteros que se realicen con participaciÛn fiscal  solamente podr·n ser ejecutadas y proyectadas por la direcciÛn de obras sanitarias del Ministerio de Obras P˙blicas (Art. 3);16-DIC-1953;MINISTERIO DE OBRAS P⁄BLICAS;26654;8845167;https://www.leychile.cl/Consulta/Navegar?idNorma=26654&idParte=8845167
Bosques y Flora Silvestre;Ley 18248;CÛdigo de MinerÌa (Art. 15);14-OCT-1983;MINISTERIO DE MINERIA;29668;8680739;https://www.leychile.cl/Consulta/Navegar?idNorma=29668&idParte=8680739
Bosques y Flora Silvestre;Decreto 4363;APRUEBA TEXTO DEFINITIVO DE LA LEY DE BOSQUES;31-JUL-1931;MINISTERIO DE TIERRAS Y COLONIZACI”N;19422;0;https://www.leychile.cl/Consulta/Navegar?idNorma=19422&idParte=0
Bosques y Flora Silvestre;Decreto 259;REGLAMENTO DEL DECRETO LEY 701  DE 1974  SOBRE FOMENTO FORESTAL;30-OCT-1980;MINISTERIO DE AGRICULTURA;11624;0;https://www.leychile.cl/Consulta/Navegar?idNorma=11624&idParte=0
Bosques y Flora Silvestre;Decreto 192;APRUEBA REGLAMENTO PARA EL PAGO DE LAS BONIFICACIONES FORESTALES;30-NOV-1998;MINISTERIO DE AGRICULTURA;127556;0;https://www.leychile.cl/Consulta/Navegar?idNorma=127556&idParte=0
Bosques y Flora Silvestre;Decreto 129;PROMULGA EL PROTOCOLO ESPECIFICO ADICIONAL AL TRATADO CON ARGENTINA SOBRE MEDIO AMBIENTE  SOBRE CONSERVACION DE LA FLORA Y FAUNA SILVESTRE COMPARTIDA ENTRE CHILE Y ARGENTINA;30-JUL-2002;MINISTERIO DE RELACIONES EXTERIORES;200873;0;https://www.leychile.cl/Consulta/Navegar?idNorma=200873&idParte=0
Bosques y Flora Silvestre;Decreto 193;APRUEBA REGLAMENTO GENERAL DEL DECRETO LEY N∫ 701  DE 1974  SOBRE FOMENTO FORESTAL;29-SEP-1998;MINISTERIO DE AGRICULTURA;125009;0;https://www.leychile.cl/Consulta/Navegar?idNorma=125009&idParte=0
Bosques y Flora Silvestre;Decreto 2374;APRUEBA EL REGLAMENTO PARA LA EXPLOTACION DE BOSQUES EXISTENTES EN LAS CUENCAS HIDROGRAFICAS;24-NOV-1937;MINISTERIO DE TIERRAS Y COLONIZACI”N;262107;0;https://www.leychile.cl/Consulta/Navegar?idNorma=262107&idParte=0
Bosques y Flora Silvestre;Decreto 1257;PROMULGA EL PROTOCOLO ESPECIFICO ADICIONAL AL TRATADO SOBRE MEDIO AMBIENTE CON ARGENTINA  SOBRE  COOPERACION  EN MATERIA FORESTAL;23-OCT-1997;MINISTERIO DE RELACIONES EXTERIORES;76468;0;https://www.leychile.cl/Consulta/Navegar?idNorma=76468&idParte=0
Bosques y Flora Silvestre;Decreto 282;APRUEBA ACUERDO SANITARIO ENTRE LAS REP⁄BLICAS DE CHILE Y ARGENTINA.;17-JUL-1952;MINISTERIO DE RELACIONES EXTERIORES;400289;0;https://www.leychile.cl/Consulta/Navegar?idNorma=400289&idParte=0
Bosques y Flora Silvestre;Decreto 80;APRUEBA REGLAMENTO DEL CONSEJO CONSULTIVO DEL BOSQUE NATIVO;11-FEB-2009;MINISTERIO DE AGRICULTURA;287113;0;https://www.leychile.cl/Consulta/Navegar?idNorma=287113&idParte=0
Bosques y Flora Silvestre;Decreto 93;REGLAMENTO GENERAL DE LA LEY SOBRE RECUPERACION DEL BOSQUE NATIVO Y FOMENTO FORESTAL;05-OCT-2009;MINISTERIO DE AGRICULTURA,  SUBSECRETARÕA DE AGRICULTURA;1006865;0;https://www.leychile.cl/Consulta/Navegar?idNorma=1006865&idParte=0
Bosques y Flora Silvestre;Decreto 95;REGLAMENTO DEL FONDO DE CONSERVACION  RECUPERACION Y MANEJO SUSTENTABLE DEL BOSQUE NATIVO;05-OCT-2009;MINISTERIO DE AGRICULTURA,  SUBSECRETARÕA DE AGRICULTURA;1006866;0;https://www.leychile.cl/Consulta/Navegar?idNorma=1006866&idParte=0
Bosques y Flora Silvestre;Decreto 96;REGLAMENTA LOS RECURSOS DESTINADOS A LA INVESTIGACION DEL BOSQUE NATIVO;05-OCT-2009;MINISTERIO DE AGRICULTURA,  SUBSECRETARÕA DE AGRICULTURA;1006867;0;https://www.leychile.cl/Consulta/Navegar?idNorma=1006867&idParte=0
Bosques y Flora Silvestre;Decreto 254;PROMULGA CONVENIO SOBRE RESGUARDO DE BOSQUES FRONTERIZOS CONTRA INCENDIOS;05-JUN-1967;MINISTERIO DE RELACIONES EXTERIORES;199550;0;https://www.leychile.cl/Consulta/Navegar?idNorma=199550&idParte=0
Bosques y Flora Silvestre;Decreto 2134;CONCEDE PENSION  POR GRACIA  A DO—A RAQUEL INZUNZA;01-OCT-1996;MINISTERIO DEL INTERIOR;18851;0;https://www.leychile.cl/Consulta/Navegar?idNorma=18851&idParte=0
Bosques y Flora Silvestre;Decreto 497;CONVENCI”N INTERNACIONAL DE DEFENSA AGRÕCOLA;01-JUN-1933;MINISTERIO DE RELACIONES EXTERIORES Y COMERCIO;400194;0;https://www.leychile.cl/Consulta/Navegar?idNorma=400194&idParte=0
Bosques y Flora Silvestre;Decreto con Fuerza de Ley 15;MODIFICA LEYES DE CONTROL APLICABLES POR EL MINISTERIO DE AGRICULTURA  ESTABLECE NORMAS SOBRE ACTIVIDADES APICOLAS Y SANCIONA LA EXPLOTACION ILEGAL DE MADERAS;29-ENE-1968;MINISTERIO DE AGRICULTURA;3935;0;https://www.leychile.cl/Consulta/Navegar?idNorma=3935&idParte=0
Bosques y Flora Silvestre;Decreto con Fuerza de Ley 185;FIJA ATRIBUCIONES Y ESTRUCTURA EL MINISTERIO DE AGRICULTURA;05-AGO-1953;MINISTERIO DE HACIENDA;4963;0;https://www.leychile.cl/Consulta/Navegar?idNorma=4963&idParte=0
Bosques y Flora Silvestre;Decreto con Fuerza de Ley 294;ESTABLECE FUNCIONES Y ESTRUCTURA MINISTERIO DE AGRICULTURA;05-ABR-1960;MINISTERIO DE HACIENDA;5339;0;https://www.leychile.cl/Consulta/Navegar?idNorma=5339&idParte=0
Bosques y Flora Silvestre;Decreto con Fuerza de Ley 25;BonificaciÛn y comercio de fertilizantes  desinfectantes y pesticidas. (Art. 25);04-ABR-1963;MINISTERIO DE HACIENDA;4078;7115700;https://www.leychile.cl/Consulta/Navegar?idNorma=4078&idParte=7115700
Bosques y Flora Silvestre;Decreto Ley 1939;Normas sobre AdquisiciÛn  administraciÛn y disposiciÛn de bienes del Estado. (Art. 16);10-NOV-1977;MINISTERIO DE TIERRAS Y COLONIZACION;6778;8739313;https://www.leychile.cl/Consulta/Navegar?idNorma=6778&idParte=8739313
Bosques y Flora Silvestre;Decreto Ley 259;APRUEBA REGLAMENTO PARA LA CONSERVACION Y COMERCIALIZACION DEL PINO INSIGNE;08-SEP-1975;MINISTERIO DE AGRICULTURA;148200;0;https://www.leychile.cl/Consulta/Navegar?idNorma=148200&idParte=0
Bosques y Flora Silvestre;Decreto Ley 2565;SUSTITUYE DECRETO LEY 701  DE 1974  QUE SOMETE LOS TERRENOS FORESTALES A LAS DISPOSICIONES QUE SE—ALA;03-ABR-1979;MINISTERIO DE AGRICULTURA;6954;0;https://www.leychile.cl/Consulta/Navegar?idNorma=6954&idParte=0
Fauna Silvestre;Ley 20293;PROTEGE A LOS CET¡CEOS E INTRODUCE MODIFICACIONES A LA LEY N∫ 18.892 GENERAL DE PESCA Y ACUICULTURA;25-OCT-2008;MINISTERIO DE ECONOMÕA,  FOMENTO Y RECONSTRUCCION,  SUBSECRETARIA DE PESCA;280305;0;https://www.leychile.cl/Consulta/Navegar?idNorma=280305&idParte=0
Fauna Silvestre;Ley 19713;ESTABLECE COMO MEDIDA DE ADMINISTRACION EL LIMITE MAXIMO DE CAPTURA POR ARMADOR A LAS PRINCIPALES PESQUERIAS INDUSTRIALES NACIONALES Y LA REGULARIZACION DEL REGISTRO PESQUERO ARTESANAL;25-ENE-2001;MINISTERIO DE ECONOMÕA, FOMENTO Y RECONSTRUCCI”N,  SUBSECRETARÕA DE PESCA;180659;0;https://www.leychile.cl/Consulta/Navegar?idNorma=180659&idParte=0
Fauna Silvestre;Ley 19476;INTRODUCE MODIFICACIONES AL DECRETO LEY N∞ 1.094  DE 1975  EN MATERIA DE REFUGIADOS;21-OCT-1996;MINISTERIO DEL INTERIOR;30843;0;https://www.leychile.cl/Consulta/Navegar?idNorma=30843&idParte=0
Fauna Silvestre;Ley 20256;ESTABLECE NORMAS SOBRE PESCA RECREATIVA;12-ABR-2008;MINISTERIO DE ECONOMÕA, FOMENTO Y RECONSTRUCCI”N,  SUBSECRETARIA DE PESCA;270429;0;https://www.leychile.cl/Consulta/Navegar?idNorma=270429&idParte=0
Fauna Silvestre;Ley 20434;Modifica la Ley General de Pesca y Acuicultura en materia de acuicultura;08-ABR-2010;MINISTERIO DE ECONOMÕA, FOMENTO Y TURISMO,  SUBSECRETARÕA DE PESCA;1012014;0;https://www.leychile.cl/Consulta/Navegar?idNorma=1012014&idParte=0
Fauna Silvestre;Ley 18755;ESTABLECE NORMAS SOBRE EL SERVICIO AGRICOLA Y GANADERO  DEROGA LA LEY N∞ 16.640 Y OTRAS DISPOSICIONES;07-ENE-1989;MINISTERIO DE AGRICULTURA;30135;0;https://www.leychile.cl/Consulta/Navegar?idNorma=30135&idParte=0
Fauna Silvestre;Ley 20380;SOBRE PROTECCI”N DE ANIMALES;03-OCT-2009;MINISTERIO DE SALUD,  SUBSECRETARÕA DE SALUD P⁄BLICA;1006858;0;https://www.leychile.cl/Consulta/Navegar?idNorma=1006858&idParte=0
Fauna Silvestre;Decreto 151;OFICIALIZA PRIMERA CLASIFICACION DE ESPECIES SILVESTRES SEGUN SU ESTADO DE CONSERVACION;24-MAR-2007;MINISTERIO SECRETARÕA GENERAL DE LA PRESIDENCIA;259402;0;https://www.leychile.cl/Consulta/Navegar?idNorma=259402&idParte=0
Fauna Silvestre;Decreto 191;APRUEBA CONVENIO SOBRE CONSERVACION DE FOCAS ANTARTICAS;24-ABR-1980;MINISTERIO DE RELACIONES EXTERIORES;265640;0;https://www.leychile.cl/Consulta/Navegar?idNorma=265640&idParte=0
Fauna Silvestre;Decreto 267;APRUEBA EL PLAN DE ACCION NACIONAL PARA PREVENIR  DESALENTAR Y ELIMINAR LA PESCA ILEGAL  NO DECLARADA Y NO REGLAMENTADA;23-ENE-2006;MINISTERIO DE ECONOMÕA,  FOMENTO Y RECONSTRUCCION,  SUBSECRETARIA DE PESCA;246677;0;https://www.leychile.cl/Consulta/Navegar?idNorma=246677&idParte=0
Fauna Silvestre;Decreto 432;APRUEBA LAS DECLARACIONES Y CONVENIOS ENTRE CHILE  PERU Y ECUADOR  CONCERTADOS EN LA PRIMERA CONFERENCIA SOBRE EXPLOTACION Y CONSERVCION DE LAS RIQUEZAS MARITIMAS DEL PACIFICO SUR;22-NOV-1954;MINISTERIO DE RELACIONES EXTERIORES;243696;0;https://www.leychile.cl/Consulta/Navegar?idNorma=243696&idParte=0
Fauna Silvestre;Decreto 489;APRUEBA CONVENCION INTERNACIONAL PARA LA REGULACION DE LA CAZA DE BALLENAS Y SU ANEXO;21-SEP-1979;MINISTERIO DE RELACIONES EXTERIORES;265650;0;https://www.leychile.cl/Consulta/Navegar?idNorma=265650&idParte=0
Fauna Silvestre;Decreto 430;FIJA EL TEXTO REFUNDIDO  COORDINADO Y SISTEMATIZADO DE LA LEY N∞ 18.892  DE 1989 Y SUS MODIFICACIONES  LEY GENERAL DE PESCA Y ACUICULTURA;21-ENE-1992;MINISTERIO DE ECONOMÕA, FOMENTO Y RECONSTRUCCI”N;13315;0;https://www.leychile.cl/Consulta/Navegar?idNorma=13315&idParte=0
Fauna Silvestre;Decreto 212;PROMULGA CONVENIO PARA LA CONSERVACION Y MANEJO DE LA VICU—A  SUSCRITO EN LIMA  EL 29 DE DICIEMBRE DE 1979;19-MAY-1981;MINISTERIO DE RELACIONES EXTERIORES;11040;0;https://www.leychile.cl/Consulta/Navegar?idNorma=11040&idParte=0
Fauna Silvestre;Decreto 345;APRUEBA REGLAMENTO SOBRE PLAGAS HIDROBIOLOGICAS;14-DIC-2006;MINISTERIO DE ECONOMÕA,  FOMENTO Y RECONSTRUCCION,  SUBSECRETARIA DE PESCA;256174;0;https://www.leychile.cl/Consulta/Navegar?idNorma=256174&idParte=0
Fauna Silvestre;Decreto 662;PROMULGA LA CONVENCION SOBRE LA CONSERVACION DE LOS RECURSOS VIVOS MARINOS ANTARTICOS  SUSCRITA EN CANBERRA  AUSTRALIA  EL 11 DE SEPTIEMBRE DE 1980;13-OCT-1981;MINISTERIO DE RELACIONES EXTERIORES;14959;0;https://www.leychile.cl/Consulta/Navegar?idNorma=14959&idParte=0
Fauna Silvestre;Decreto 868;PROMULGA EL CONVENIO SOBRE LA CONSERVACION DE ESPECIES MIGRATORIAS DE LA FAUNA SALVAJE;12-DIC-1981;MINISTERIO DE RELACIONES EXTERIORES;16008;0;https://www.leychile.cl/Consulta/Navegar?idNorma=16008&idParte=0
Fauna Silvestre;Decreto 75;APRUEBA REGLAMENTO PARA LA CLASIFICACION DE ESPECIES SILVESTRES;11-MAY-2005;MINISTERIO SECRETARIA GENERAL DE LA PRESIDENCIA;237791;0;https://www.leychile.cl/Consulta/Navegar?idNorma=237791&idParte=0
Fauna Silvestre;Decreto 5;APRUEBA REGLAMENTO DE LA LEY DE CAZA;07-DIC-1998;MINISTERIO DE AGRICULTURA;128106;0;https://www.leychile.cl/Consulta/Navegar?idNorma=128106&idParte=0
Fauna Silvestre;Decreto 114;PROMULGA LA CONVENCI”N INTERAMERICANA PARA LA PROTECCI”N Y CONSERVACI”N DE LAS TORTUGAS MARINAS;06-AGO-2010;MINISTERIO DE RELACIONES EXTERIORES;1015967;0;https://www.leychile.cl/Consulta/Navegar?idNorma=1015967&idParte=0
Fauna Silvestre;Decreto con Fuerza de Ley 5;FIJA TEXTO REFUNDIDO  COORDINADO Y SISTEMATIZADO DEL DECRETO CON FUERZA DE LEY 34  DE 1931  QUE LEGISLA SOBRE LA INDUSTRIA PESQUERA Y SUS DERIVADOS;15-NOV-1983;MINISTERIO DE ECONOMÕA, FOMENTO Y RECONSTRUCCI”N,  SUBSECRETARÕA DE PESCA;3676;0;https://www.leychile.cl/Consulta/Navegar?idNorma=3676&idParte=0
Fauna Silvestre;Decreto Ley 2442;ESTABLECE FUNCIONES Y ATRIBUCIONES DEL MINISTERIO DE ECONOMIA  FOMENTO Y RECONSTRUCCION  EN MATERIA DE PESCA ORGANIZA LA SUBSECRETARIA DE PESCA CREA EL CONSEJO NACIONAL DE PESCA Y EL SERVICIO NACIONAL DE PESCA;29-DIC-1978;MINISTERIO DE ECONOMÕA, FOMENTO Y RECONSTRUCCI”N;6922;0;https://www.leychile.cl/Consulta/Navegar?idNorma=6922&idParte=0
Biodiversidad y ¡reas Silvestres Protegidas;Ley 3295;LEI NUM. 3 295  QUE AUTORIZA LA TRASFORMACION DEL CERRO SAN CRISTOBAL.;28-SEP-1917;MINISTERIO DE HACIENDA;23874;0;https://www.leychile.cl/Consulta/Navegar?idNorma=23874&idParte=0
Biodiversidad y ¡reas Silvestres Protegidas;Ley 18362;CREA UN SISTEMA NACIONAL DE AREAS SILVESTRES PROTEGIDAS DEL ESTADO;27-DIC-1984;MINISTERIO DE AGRICULTURA;29777;0;https://www.leychile.cl/Consulta/Navegar?idNorma=29777&idParte=0
Biodiversidad y ¡reas Silvestres Protegidas;Ley 20089;CREA SISTEMA NACIONAL DE CERTIFICACION DE PRODUCTOS ORGANICOS AGRICOLAS;17-ENE-2006;MINISTERIO DE AGRICULTURA;246460;0;https://www.leychile.cl/Consulta/Navegar?idNorma=246460&idParte=0
Biodiversidad y ¡reas Silvestres Protegidas;Ley 11402;Dispone que las obras de defensa y regularizaciÛn de las riberas y cauces de los rÌos  lagunas y esteros que se realicen con participaciÛn fiscal  solamente podr·n ser ejecutadas y proyectadas por la direcciÛn de obras sanitarias del Ministerio de Obras P˙blicas (Art. 3);16-DIC-1953;MINISTERIO DE OBRAS P⁄BLICAS;26654;8845167;https://www.leychile.cl/Consulta/Navegar?idNorma=26654&idParte=8845167
Biodiversidad y ¡reas Silvestres Protegidas;Ley 18248;CÛdigo de MinerÌa (Art. 172 N∞ 2);14-OCT-1983;MINISTERIO DE MINERIA;29668;8680924;https://www.leychile.cl/Consulta/Navegar?idNorma=29668&idParte=8680924
Biodiversidad y ¡reas Silvestres Protegidas;Ley 20423;DEL SISTEMA INSTITUCIONAL PARA EL DESARROLLO DEL TURISMO;12-FEB-2010;MINISTERIO DE ECONOMÕA, FOMENTO Y RECONSTRUCCI”N,  SUBSECRETARÕA DE ECONOMÕA, FOMENTO Y RECONSTRUCCI”N;1010960;0;https://www.leychile.cl/Consulta/Navegar?idNorma=1010960&idParte=0
Biodiversidad y ¡reas Silvestres Protegidas;Ley 19996;MODIFICA LA LEY N∫ 19.039  SOBRE PROPIEDAD INDUSTRIAL;11-MAR-2005;MINISTERIO DE ECONOMÕA,  FOMENTO Y RECONSTRUCCION,  SUBSECRETARIA DE ECONOMIA,  FOMENTO Y RECONSTRUCCION;236219;0;https://www.leychile.cl/Consulta/Navegar?idNorma=236219&idParte=0
Biodiversidad y ¡reas Silvestres Protegidas;Ley 17288;Legisla sobre Monumentos Nacionales (Art. 1);04-FEB-1970;MINISTERIO DE EDUCACI”N P⁄BLICA;28892;7178428;https://www.leychile.cl/Consulta/Navegar?idNorma=28892&idParte=7178428
Biodiversidad y ¡reas Silvestres Protegidas;Ley 16699;MODIFICA LA LEY 14.885  QUE AUTORIZ” A LA MUNICIPALIDAD DE LIMACHE PARA CONTRATAR EMPR…STITOS DECLARA PARQUE NACIONAL EL CERRO "LA CAMPANA"  UBICADO EN LA LOCALIDAD DE OLMU…;03-NOV-1967;MINISTERIO DEL INTERIOR;28636;0;https://www.leychile.cl/Consulta/Navegar?idNorma=28636&idParte=0
Biodiversidad y ¡reas Silvestres Protegidas;Decreto 1;REGLAMENTO DEL CODIGO DE MINERIA;27-FEB-1987;MINISTERIO DE MINERÕA;7227;0;https://www.leychile.cl/Consulta/Navegar?idNorma=7227&idParte=0
Biodiversidad y ¡reas Silvestres Protegidas;Decreto 355;REGLAMENTO SOBRE AREAS DE MANEJO Y EXPLOTACION DE RECURSOS BENTONICOS;26-AGO-1995;MINISTERIO DE ECONOMÕA, FOMENTO Y RECONSTRUCCI”N,  SUBSECRETARIA DE PESCA;12627;0;https://www.leychile.cl/Consulta/Navegar?idNorma=12627&idParte=0
Biodiversidad y ¡reas Silvestres Protegidas;Decreto 396;PROMULGA EL PROTOCOLO AL TRATADO ANTARTICO SOBRE PROTECCION DEL MEDIO AMBIENTE;18-FEB-1998;MINISTERIO DE RELACIONES EXTERIORES;96678;0;https://www.leychile.cl/Consulta/Navegar?idNorma=96678&idParte=0
Biodiversidad y ¡reas Silvestres Protegidas;Decreto 361;PROMULGA EL TRATADO ANTARTICO;14-JUL-1961;MINISTERIO DE RELACIONES EXTERIORES;185805;0;https://www.leychile.cl/Consulta/Navegar?idNorma=185805&idParte=0
Biodiversidad y ¡reas Silvestres Protegidas;Decreto 67;PROMULGA EL TRATADO CON ARGENTINA SOBRE MEDIO AMBIENTE Y SUS PROTOCOLOS ESPECIFICOS ADICIONALES SOBRE PROTECCION DEL MEDIO AMBIENTE ANTARTICO Y RECURSOS HIDRICOS COMPARTIDOS  SUSCRITO EL 2 DE AGOSTO DE 1991;14-ABR-1993;MINISTERIO DE RELACIONES EXTERIORES;8593;0;https://www.leychile.cl/Consulta/Navegar?idNorma=8593&idParte=0
Biodiversidad y ¡reas Silvestres Protegidas;Decreto 259;PROMULGA LA CONVENCION SOBRE LA PROTECCION DEL PATRIMONIO MUNDIAL  CULTURAL Y NATURAL  SUSCRITA EN UNESCO  PARIS  EL 16 DE NOVIEMBRE DE 1972;12-MAY-1980;MINISTERIO DE RELACIONES EXTERIORES;265641;0;https://www.leychile.cl/Consulta/Navegar?idNorma=265641&idParte=0
Biodiversidad y ¡reas Silvestres Protegidas;Decreto 771;PROMULGA LA CONVENCION SOBRE ZONAS HUMEDAS DE IMPORTANCIA INTERNACIONAL ESPECIALMENTE COMO HABITAT DE LAS AVES ACUATICAS  SUSCRITO EN IRAN EL 2 DE FEBRERO DE 1971;11-NOV-1981;MINISTERIO DE RELACIONES EXTERIORES;15511;0;https://www.leychile.cl/Consulta/Navegar?idNorma=15511&idParte=0
Biodiversidad y ¡reas Silvestres Protegidas;Decreto 1963;PROMULGA EL CONVENIO SOBRE LA DIVERSIDAD BIOLOGICA;06-MAY-1995;MINISTERIO DE RELACIONES EXTERIORES;18766;0;https://www.leychile.cl/Consulta/Navegar?idNorma=18766&idParte=0
Biodiversidad y ¡reas Silvestres Protegidas;Decreto 314;REGLAMENTO DE ACTIVIDADES DE ACUICULTURA EN AREAS DE MANEJO Y EXPLOTACION DE RECURSOS BENTONICOS;06-JUL-2005;MINISTERIO DE ECONOMÕA, FOMENTO Y RECONSTRUCCI”N,  SUBSECRETARIA DE PESCA;239850;0;https://www.leychile.cl/Consulta/Navegar?idNorma=239850&idParte=0
Biodiversidad y ¡reas Silvestres Protegidas;Decreto 531;CONVENCION PARA LA PROTECCION DE LA FLORA  LA FAUNA Y LAS BELLEZAS ESCENICAS NATURALES DE AMERICA;04-OCT-1967;MINISTERIO DE RELACIONES EXTERIORES;125338;0;https://www.leychile.cl/Consulta/Navegar?idNorma=125338&idParte=0
Biodiversidad y ¡reas Silvestres Protegidas;Decreto 238;REGLAMENTO SOBRE PARQUES MARINOS Y RESERVAS MARINAS DE LA LEY GENERAL DE PESCA Y ACUICULTURA;04-AGO-2005;MINISTERIO DE ECONOMÕA,  FOMENTO Y RECONSTRUCCION,  SUBSECRETARÕA DE PESCA;240807;0;https://www.leychile.cl/Consulta/Navegar?idNorma=240807&idParte=0
Biodiversidad y ¡reas Silvestres Protegidas;Decreto con Fuerza de Ley 15;MODIFICA LEYES DE CONTROL APLICABLES POR EL MINISTERIO DE AGRICULTURA  ESTABLECE NORMAS SOBRE ACTIVIDADES APICOLAS Y SANCIONA LA EXPLOTACION ILEGAL DE MADERAS;29-ENE-1968;MINISTERIO DE AGRICULTURA;3935;0;https://www.leychile.cl/Consulta/Navegar?idNorma=3935&idParte=0
Biodiversidad y ¡reas Silvestres Protegidas;Decreto Ley 574;FIJA EL TEXTO REFUNDIDO DEL DECRETO CON FUERZA DE LEY 336  DE 1953  DE LA LEY 17.699 Y DE LAS DISPOSICIONES LEGALES REFERENTES A LA ADMINISTRACION  TUICION Y DISPOSICION DE BIENES DEL ESTADO;11-OCT-1974;MINISTERIO DE TIERRAS Y COLONIZACI”N;6208;0;https://www.leychile.cl/Consulta/Navegar?idNorma=6208&idParte=0
Biodiversidad y ¡reas Silvestres Protegidas;Decreto Ley 1939;Normas sobre AdquisiciÛn  administraciÛn y disposiciÛn de bienes del Estado. (Art. 15);10-NOV-1977;MINISTERIO DE TIERRAS Y COLONIZACION;6778;8739312;https://www.leychile.cl/Consulta/Navegar?idNorma=6778&idParte=8739312
Residuos y Sustancias Peligrosas;Ley 18902;CREA LA SUPERINTENDENCIA DE SERVICIOS SANITARIOS;27-ENE-1990;MINISTERIO DE ECONOMÕA;30274;0;https://www.leychile.cl/Consulta/Navegar?idNorma=30274&idParte=0
Residuos y Sustancias Peligrosas;Ley 18164;INTRODUCE MODIFICACIONES A LA LEGISLACION ADUANERA;17-SEP-1982;MINISTERIO DE HACIENDA;29587;0;https://www.leychile.cl/Consulta/Navegar?idNorma=29587&idParte=0
Residuos y Sustancias Peligrosas;Ley 18302;Ley de seguridad nuclear;02-MAY-1984;MINISTERIO DE MINERÕA;29719;0;https://www.leychile.cl/Consulta/Navegar?idNorma=29719&idParte=0
Residuos y Sustancias Peligrosas;Decreto 4;REGLAMENTO PARA EL MANEJO DE LODOS GENERADOS EN PLANTAS DE TRATAMIENTO DE AGUAS SERVIDAS;28-OCT-2009;MINISTERIO SECRETARÕA GENERAL DE LA PRESIDENCIA,  SUBSECRETARÕA GENERAL DE LA PRESIDENCIA;1007456;0;https://www.leychile.cl/Consulta/Navegar?idNorma=1007456&idParte=0
Residuos y Sustancias Peligrosas;Decreto 173;PROMULGA EL PROTOCOLO SOBRE COOPERACI”N  PREPARACI”N Y LUCHA CONTRA LOS SUCESOS DE CONTAMINACI”N POR SUSTANCIAS NOCIVAS Y POTENCIALMENTE PELIGROSAS Y SU ANEXO;27-MAR-2008;MINISTERIO DE RELACIONES EXTERIORES;270143;0;https://www.leychile.cl/Consulta/Navegar?idNorma=270143&idParte=0
Residuos y Sustancias Peligrosas;Decreto 351;APRUEBA REGLAMENTO PARA NEUTRALIZACION Y DEPURACION DE LOS RESIDUOS LIQUIDOS INDUSTRIALES A QUE SE REFIERE LA LEY N∞ 3.133;23-FEB-1993;MINISTERIO DE OBRAS P⁄BLICAS;12568;0;https://www.leychile.cl/Consulta/Navegar?idNorma=12568&idParte=0
Residuos y Sustancias Peligrosas;Decreto 133;APRUEBA REGLAMENTO SOBRE AUTORIZACIONES PARA INSTALACIONES RADIACTIVAS O EQUIPOS GENERADORES DE RADIACIONES IONIZANTES  PERSONAL QUE SE DESEMPE—A EN ELLAS  U OPERE TALES EQUIPOS Y OTRAS ACTIVIDADES AFINES;23-AGO-1984;MINISTERIO DE SALUD;9794;0;https://www.leychile.cl/Consulta/Navegar?idNorma=9794&idParte=0
Residuos y Sustancias Peligrosas;Decreto 37;PROMULGA EL CONVENIO DE ROTTERDAM PARA LA APLICACION DEL PROCEDIMIENTO DE CONSENTIMIENTO FUNDAMENTADO PREVIO A CIERTOS PLAGUICIDAS Y PRODUCTOS QUIMICOS PELIGROSOS OBJETO DE COMERCIO INTERNACIONAL Y SUS ANEXOS;19-MAY-2005;MINISTERIO DE RELACIONES EXTERIORES;238168;0;https://www.leychile.cl/Consulta/Navegar?idNorma=238168&idParte=0
Residuos y Sustancias Peligrosas;Decreto 38;PROMULGA EL CONVENIO DE ESTOCOLMO SOBRE CONTAMINANTES ORGANICOS PERSISTENTES Y SUS ANEXOS;19-MAY-2005;MINISTERIO DE RELACIONES EXTERIORES;238174;0;https://www.leychile.cl/Consulta/Navegar?idNorma=238174&idParte=0
Residuos y Sustancias Peligrosas;Decreto 1775;ESTABLECE NORMAS PARA LA APLICACION DEL ARTICULO 75 DEL CODIGO SANITARIO;19-JUL-1995;MINISTERIO DE SALUD;18595;0;https://www.leychile.cl/Consulta/Navegar?idNorma=18595&idParte=0
Residuos y Sustancias Peligrosas;Decreto 148;APRUEBA REGLAMENTO SANITARIO SOBRE MANEJO DE RESIDUOS PELIGROSOS;16-JUN-2004;MINISTERIO DE SALUD;226458;0;https://www.leychile.cl/Consulta/Navegar?idNorma=226458&idParte=0
Residuos y Sustancias Peligrosas;Decreto 709;APRUEBA TRATADO PARA LA PROSCRIPCION DE LAS ARMAS NUCLEARES EN LA AMERICA LATINA;14-DIC-1974;MINISTERIO DE RELACIONES EXTERIORES;400618;0;https://www.leychile.cl/Consulta/Navegar?idNorma=400618&idParte=0
Residuos y Sustancias Peligrosas;Decreto 685;PROMULGA EL "CONVENIO DE BASILEA SOBRE EL CONTROL DE LOS MOVIMIENTOS TRANSFRONTERIZOS DE LOS DESECHOS PELIGROSOS Y SU ELIMINACION";13-OCT-1992;MINISTERIO DE RELACIONES EXTERIORES;87460;0;https://www.leychile.cl/Consulta/Navegar?idNorma=87460&idParte=0
Residuos y Sustancias Peligrosas;Decreto 78;APRUEBA REGLAMENTO DE ALMACENAMIENTO DE SUSTANCIAS PELIGROSAS;11-SEP-2010;MINISTERIO DE SALUD,  SUBSECRETARÕA DE SALUD P⁄BLICA;1016975;0;https://www.leychile.cl/Consulta/Navegar?idNorma=1016975&idParte=0
Residuos y Sustancias Peligrosas;Decreto 298;REGLAMENTA TRANSPORTE DE CARGAS PELIGROSAS POR CALLES Y CAMINOS;11-FEB-1995;MINISTERIO DE TRANSPORTES Y TELECOMUNICACIONES;12087;0;https://www.leychile.cl/Consulta/Navegar?idNorma=12087&idParte=0
Residuos y Sustancias Peligrosas;Decreto 12;APRUEBA REGLAMENTO PARA EL TRANSPORTE SEGURO DE MATERIALES RADIACTIVOS;10-JUN-1985;MINISTERIO DE MINERÕA;7482;0;https://www.leychile.cl/Consulta/Navegar?idNorma=7482&idParte=0
Residuos y Sustancias Peligrosas;Decreto 4740;APRUEBA EL REGLAMENTO SOBRE NORMAS SANITARIAS MINIMAS MUNICIPALES;09-OCT-1947;MINISTERIO DEL INTERIOR;191957;0;https://www.leychile.cl/Consulta/Navegar?idNorma=191957&idParte=0
Residuos y Sustancias Peligrosas;Decreto 18;APRUEBA CONVENCION DE VIENA SOBRE RESPONSABILIDAD CIVIL POR DA—OS NUCLEARES;08-MAR-1990;MINISTERIO DE RELACIONES EXTERIORES;7606;0;https://www.leychile.cl/Consulta/Navegar?idNorma=7606&idParte=0
Residuos y Sustancias Peligrosas;Decreto 385;PROMULGA CONVENCION SOBRE LA PROHIBICION DEL DESARROLLO  LA PRODUCCION Y EL ALMACENAMIENTO DE ARMAS BACTERIOLOGICAS (BIOLOGICAS) Y TOXINICAS Y SOBRE SU DESTRUCCION;07-JUL-1980;MINISTERIO DE RELACIONES EXTERIORES;400702;0;https://www.leychile.cl/Consulta/Navegar?idNorma=400702&idParte=0
Residuos y Sustancias Peligrosas;Decreto 189;Aprueba reglamento sobre condiciones sanitarias y de seguridad b·sicas en los rellenos sanitarios;05-ENE-2008;MINISTERIO DE SALUD,  SUBSECRETARÕA DE SALUD P⁄BLICA;268137;0;https://www.leychile.cl/Consulta/Navegar?idNorma=268137&idParte=0
Residuos y Sustancias Peligrosas;Decreto 6;APRUEBA REGLAMENTO SOBRE MANEJO DE RESIDUOS DE ESTABLECIMIENTOS DE ATENCI”N DE SALUD (REAS);04-DIC-2009;MINISTERIO DE SALUD,  SUBSECRETARÕA DE SALUD P⁄BLICA;1008725;0;https://www.leychile.cl/Consulta/Navegar?idNorma=1008725&idParte=0
Residuos y Sustancias Peligrosas;Decreto 2;REGULA AUTORIZACI”N DE MOVIMIENTOS TRANSFRONTERIZOS DE RESIDUOS PELIGROSOS CONSISTENTES EN BATERÕAS DE PLOMO USADAS;03-JUL-2010;MINISTERIO DE SALUD,  SUBSECRETARÕA DE SALUD P⁄BLICA;1014982;0;https://www.leychile.cl/Consulta/Navegar?idNorma=1014982&idParte=0
Residuos y Sustancias Peligrosas;ResoluciÛn 2063;DERECHO DE AGUAS EN COMUNA DE PERALILLO;01-AGO-1996;MINISTERIO DE AGRICULTURA,  SERVICIO AGRICOLA Y GANADERO,  DIRECCI”N NACIONAL;40061;0;https://www.leychile.cl/Consulta/Navegar?idNorma=40061&idParte=0
Residuos y Sustancias Peligrosas;Decreto con Fuerza de Ley 725;CÛdigo Sanitario (Art. 75);31-ENE-1968;MINISTERIO DE SALUD P⁄BLICA;5595;8655829;https://www.leychile.cl/Consulta/Navegar?idNorma=5595&idParte=8655829
Residuos y Sustancias Peligrosas;Decreto con Fuerza de Ley 850;Fija el texto refundido  coordinado y sistematizado de la Ley N∫ 15.840  de 1964 y del D.F.L. N∫ 206  de 1960. (Art. 36);25-FEB-1998;MINISTERIO DE OBRAS P⁄BLICAS;97993;7232181;https://www.leychile.cl/Consulta/Navegar?idNorma=97993&idParte=7232181
Residuos y Sustancias Peligrosas;Decreto con Fuerza de Ley 1;Normas que requieren autorizaciÛn sanitaria expresa. (Art. 1 N∫ 25  37  38  40  41  42 43 44);21-FEB-1990;MINISTERIO DE SALUD;3439;7112932;https://www.leychile.cl/Consulta/Navegar?idNorma=3439&idParte=7112932
Patrimonio Cultural e IndÌgena;Ley 20249;Crea el espacio costero marino de los pueblos originarios;16-FEB-2008;MINISTERIO DE PLANIFICACI”N;269291;0;https://www.leychile.cl/Consulta/Navegar?idNorma=269291&idParte=0
Patrimonio Cultural e IndÌgena;Ley 19253;ESTABLECE NORMAS SOBRE PROTECCION  FOMENTO Y DESARROLLO DE LOS INDIGENAS  Y CREA LA CORPORACION NACIONAL DE DESARROLLO INDIGENA;05-OCT-1993;MINISTERIO DE PLANIFICACION Y COOPERACION;30620;0;https://www.leychile.cl/Consulta/Navegar?idNorma=30620&idParte=0
Patrimonio Cultural e IndÌgena;Ley 17288;Legisla sobre Monumentos Nacionales;04-FEB-1970;MINISTERIO DE EDUCACI”N P⁄BLICA;28892;0;https://www.leychile.cl/Consulta/Navegar?idNorma=28892&idParte=0
Patrimonio Cultural e IndÌgena;Decreto 134;APRUEBA REGLAMENTO DE LA LEY N∫ 20.249 QUE CREA EL ESPACIO COSTERO MARINO DE LOS PUEBLOS ORIGINARIOS;26-MAY-2009;MINISTERIO DE PLANIFICACI”N;1002637;0;https://www.leychile.cl/Consulta/Navegar?idNorma=1002637&idParte=0
Patrimonio Cultural e IndÌgena;Decreto 124;REGLAMENTA EL ARTÕCULO 34 DE LA LEY N∫19.253 A FIN DE REGULAR LA CONSULTA Y LA PARTICIPACI”N DE LOS PUEBLOS INDÕGENAS;25-SEP-2009;MINISTERIO DE PLANIFICACI”N,  SUBSECRETARÕA DE PLANIFICACI”N;1006486;0;https://www.leychile.cl/Consulta/Navegar?idNorma=1006486&idParte=0
Patrimonio Cultural e IndÌgena;Decreto 236;PROMULGA EL CONVENIO N∫ 169 SOBRE PUEBLOS INDÕGENAS Y TRIBALES EN PAÕSES INDEPENDIENTES DE LA ORGANIZACI”N INTERNACIONAL DEL TRABAJO;14-OCT-2008;MINISTERIO DE RELACIONES EXTERIORES;279441;0;https://www.leychile.cl/Consulta/Navegar?idNorma=279441&idParte=0
Patrimonio Cultural e IndÌgena;Decreto 484;REGLAMENTO DE LA LEY N∞ 17.288  SOBRE EXCAVACIONES Y/O PROSPECCIONES ARQUEOLOGICAS  ANTROPOLOGICAS Y PALEONTOLOGICAS;02-ABR-1991;MINISTERIO DE EDUCACI”N;13706;0;https://www.leychile.cl/Consulta/Navegar?idNorma=13706&idParte=0
Medio Ambiente Laboral;Decreto 594;APRUEBA REGLAMENTO SOBRE CONDICIONES SANITARIAS Y AMBIENTALES BASICAS EN LOS LUGARES DE TRABAJO;29-ABR-2000;MINISTERIO DE SALUD;167766;0;https://www.leychile.cl/Consulta/Navegar?idNorma=167766&idParte=0
Medio Ambiente Laboral;Decreto 10;APRUEBA REGLAMENTO DE CONDICIONES SANITARIAS  AMBIENTALES Y DE SEGURIDAD B¡SICAS EN LOCALES DE USO P⁄BLICO;25-SEP-2010;MINISTERIO DE SALUD,  SUBSECRETARÕA DE SALUD P⁄BLICA;1017350;0;https://www.leychile.cl/Consulta/Navegar?idNorma=1017350&idParte=0
Medio Ambiente Laboral;Decreto 3;APRUEBA REGLAMENTO DE PROTECCION RADIOLOGICA DE INSTALACIONES RADIOACTIVAS;25-ABR-1985;MINISTERIO DE SALUD;7282;0;https://www.leychile.cl/Consulta/Navegar?idNorma=7282&idParte=0
Medio Ambiente Laboral;Decreto 655;APRUEBA EL REGLAMENTO SOBRE HIGIENE Y SEGURIDAD INDUSTRIALES;07-MAR-1941;MINISTERIO DEL TRABAJO;14900;0;https://www.leychile.cl/Consulta/Navegar?idNorma=14900&idParte=0
Medio Ambiente Laboral;Decreto 132;Aprueba Reglamento de Seguridad Minera;07-FEB-2004;MINISTERIO DE MINERÕA;221064;0;https://www.leychile.cl/Consulta/Navegar?idNorma=221064&idParte=0
Medio Ambiente Laboral;Decreto con Fuerza de Ley 725;CÛdigo Sanitario (Libro III  tÌtulo II De la Higiene y Seguridad de los lugares de Trabajo. Arts. 82 a 88);31-ENE-1968;MINISTERIO DE SALUD P⁄BLICA;5595;8655839;https://www.leychile.cl/Consulta/Navegar?idNorma=5595&idParte=8655839
Medio Ambiente Laboral;Decreto con Fuerza de Ley 1;Normas que requieren autorizaciÛn sanitaria expresa. (Art. 1 N∫ 39  45 y 46);21-FEB-1990;MINISTERIO DE SALUD;3439;7112932;https://www.leychile.cl/Consulta/Navegar?idNorma=3439&idParte=7112932
Medio Ambiente Laboral;Decreto con Fuerza de Ley 1;CÛdigo del Trabajo (Libro II  tÌtulo I Normas Generales. Arts. 184 a 193);16-ENE-2003;MINISTERIO DEL TRABAJO Y PREVISI”N SOCIAL,  SUBSECRETARÕA DEL TRABAJO;207436;8512045;https://www.leychile.cl/Consulta/Navegar?idNorma=207436&idParte=8512045
Medio Ambiente Laboral;Decreto Ley 470;RATIFICA EL CONVENIO INTERNACIONAL  REFERENTE A LA PROHIBICI”N DEL EMPLEO DE LA CESUSA EN LA PINTURA;13-AGO-1925;MINISTERIO DE HIGIENE, ASISTENCIA, PREVISI”N SOCIAL Y TRABAJO;400844;0;https://www.leychile.cl/Consulta/Navegar?idNorma=400844&idParte=0
